PDB_ID,Residue,Chain ID,Residue ID,Exp_pKa
p00644_t62k_68f8e_relaxed_rank_002_alphafold2_ptm_model_1_seed_000,LYS,A,62,8.1
p00644_t62k_68f8e_relaxed_rank_001_alphafold2_ptm_model_4_seed_000,LYS,A,62,8.1
p00644_t62k_68f8e_relaxed_rank_003_alphafold2_ptm_model_5_seed_000,LYS,A,62,8.1
p00644_t62k_68f8e_relaxed_rank_004_alphafold2_ptm_model_3_seed_000,LYS,A,62,8.1
p00644_t62k_68f8e_relaxed_rank_005_alphafold2_ptm_model_2_seed_000,LYS,A,62,8.1
3bdc_a90k_67382_relaxed_rank_001_alphafold2_ptm_model_4_seed_000,LYS,A,90,8.6
3bdc_a90k_67382_relaxed_rank_002_alphafold2_ptm_model_3_seed_000,LYS,A,90,8.6
3bdc_a90k_67382_relaxed_rank_003_alphafold2_ptm_model_1_seed_000,LYS,A,90,8.6
3bdc_a90k_67382_relaxed_rank_004_alphafold2_ptm_model_5_seed_000,LYS,A,90,8.6
3bdc_a90k_67382_relaxed_rank_005_alphafold2_ptm_model_2_seed_000,LYS,A,90,8.6
3bdc_n100k_73258_relaxed_rank_001_alphafold2_ptm_model_4_seed_000,LYS,A,100,8.6
3bdc_n100k_73258_relaxed_rank_002_alphafold2_ptm_model_5_seed_000,LYS,A,100,8.6
3bdc_n100k_73258_relaxed_rank_003_alphafold2_ptm_model_1_seed_000,LYS,A,100,8.6
3bdc_n100k_73258_relaxed_rank_004_alphafold2_ptm_model_3_seed_000,LYS,A,100,8.6
3bdc_n100k_73258_relaxed_rank_005_alphafold2_ptm_model_2_seed_000,LYS,A,100,8.6
3bdc_v39k_2dddc_relaxed_rank_001_alphafold2_ptm_model_4_seed_000,LYS,A,39,9
3bdc_v39k_2dddc_relaxed_rank_002_alphafold2_ptm_model_1_seed_000,LYS,A,39,9
3bdc_v39k_2dddc_relaxed_rank_003_alphafold2_ptm_model_5_seed_000,LYS,A,39,9
3bdc_v39k_2dddc_relaxed_rank_004_alphafold2_ptm_model_2_seed_000,LYS,A,39,9
3bdc_v39k_2dddc_relaxed_rank_005_alphafold2_ptm_model_3_seed_000,LYS,A,39,9
3bdc_a109k_0f424_relaxed_rank_001_alphafold2_ptm_model_4_seed_000,LYS,A,109,9.2
3bdc_a109k_0f424_relaxed_rank_002_alphafold2_ptm_model_3_seed_000,LYS,A,109,9.2
3bdc_a109k_0f424_relaxed_rank_003_alphafold2_ptm_model_5_seed_000,LYS,A,109,9.2
3bdc_a109k_0f424_relaxed_rank_004_alphafold2_ptm_model_1_seed_000,LYS,A,109,9.2
3bdc_a109k_0f424_relaxed_rank_005_alphafold2_ptm_model_2_seed_000,LYS,A,109,9.2
3bdc_t41k_6588b_relaxed_rank_001_alphafold2_ptm_model_4_seed_000,LYS,A,41,9.3
3bdc_t41k_6588b_relaxed_rank_002_alphafold2_ptm_model_3_seed_000,LYS,A,41,9.3
3bdc_t41k_6588b_relaxed_rank_003_alphafold2_ptm_model_5_seed_000,LYS,A,41,9.3
3bdc_t41k_6588b_relaxed_rank_004_alphafold2_ptm_model_1_seed_000,LYS,A,41,9.3
3bdc_t41k_6588b_relaxed_rank_005_alphafold2_ptm_model_2_seed_000,LYS,A,41,9.3
3bdc_g20k_5a13d_relaxed_rank_001_alphafold2_ptm_model_4_seed_000,LYS,A,20,10.4
3bdc_g20k_5a13d_relaxed_rank_002_alphafold2_ptm_model_5_seed_000,LYS,A,20,10.4
3bdc_g20k_5a13d_relaxed_rank_003_alphafold2_ptm_model_3_seed_000,LYS,A,20,10.4
3bdc_g20k_5a13d_relaxed_rank_004_alphafold2_ptm_model_1_seed_000,LYS,A,20,10.4
3bdc_g20k_5a13d_relaxed_rank_005_alphafold2_ptm_model_2_seed_000,LYS,A,20,10.4
3bdc_l37k_07ca5_relaxed_rank_001_alphafold2_ptm_model_4_seed_000,LYS,A,37,10.4
3bdc_l37k_07ca5_relaxed_rank_002_alphafold2_ptm_model_3_seed_000,LYS,A,37,10.4
3bdc_l37k_07ca5_relaxed_rank_003_alphafold2_ptm_model_5_seed_000,LYS,A,37,10.4
3bdc_l37k_07ca5_relaxed_rank_004_alphafold2_ptm_model_1_seed_000,LYS,A,37,10.4
3bdc_l37k_07ca5_relaxed_rank_005_alphafold2_ptm_model_2_seed_000,LYS,A,37,10.4
3bdc_l38k_61adb_relaxed_rank_001_alphafold2_ptm_model_4_seed_000,LYS,A,38,10.4
3bdc_l38k_61adb_relaxed_rank_002_alphafold2_ptm_model_1_seed_000,LYS,A,38,10.4
3bdc_l38k_61adb_relaxed_rank_003_alphafold2_ptm_model_3_seed_000,LYS,A,38,10.4
3bdc_l38k_61adb_relaxed_rank_004_alphafold2_ptm_model_5_seed_000,LYS,A,38,10.4
3bdc_l38k_61adb_relaxed_rank_005_alphafold2_ptm_model_2_seed_000,LYS,A,38,10.4
3bdc_n118k_27a1a_relaxed_rank_001_alphafold2_ptm_model_4_seed_000,LYS,A,118,10.4
3bdc_n118k_27a1a_relaxed_rank_002_alphafold2_ptm_model_1_seed_000,LYS,A,118,10.4
3bdc_n118k_27a1a_relaxed_rank_003_alphafold2_ptm_model_3_seed_000,LYS,A,118,10.4
3bdc_n118k_27a1a_relaxed_rank_004_alphafold2_ptm_model_5_seed_000,LYS,A,118,10.4
3bdc_n118k_27a1a_relaxed_rank_005_alphafold2_ptm_model_2_seed_000,LYS,A,118,10.4
3bdc_a132k_e3950_relaxed_rank_001_alphafold2_ptm_model_4_seed_000,LYS,A,132,10.4
3bdc_a132k_e3950_relaxed_rank_002_alphafold2_ptm_model_2_seed_000,LYS,A,132,10.4
3bdc_a132k_e3950_relaxed_rank_003_alphafold2_ptm_model_1_seed_000,LYS,A,132,10.4
3bdc_a132k_e3950_relaxed_rank_004_alphafold2_ptm_model_3_seed_000,LYS,A,132,10.4
3bdc_a132k_e3950_relaxed_rank_005_alphafold2_ptm_model_5_seed_000,LYS,A,132,10.4
3bdc_y91k_ab615_relaxed_rank_001_alphafold2_ptm_model_4_seed_000,LYS,A,91,9
3bdc_y91k_ab615_relaxed_rank_002_alphafold2_ptm_model_5_seed_000,LYS,A,91,9
3bdc_y91k_ab615_relaxed_rank_003_alphafold2_ptm_model_3_seed_000,LYS,A,91,9
3bdc_y91k_ab615_relaxed_rank_004_alphafold2_ptm_model_1_seed_000,LYS,A,91,9
3bdc_y91k_ab615_relaxed_rank_005_alphafold2_ptm_model_2_seed_000,LYS,A,91,9
3bdc_a58k_19210_relaxed_rank_001_alphafold2_ptm_model_4_seed_000,LYS,A,58,10.4
3bdc_a58k_19210_relaxed_rank_002_alphafold2_ptm_model_3_seed_000,LYS,A,58,10.4
3bdc_a58k_19210_relaxed_rank_003_alphafold2_ptm_model_5_seed_000,LYS,A,58,10.4
3bdc_a58k_19210_relaxed_rank_004_alphafold2_ptm_model_1_seed_000,LYS,A,58,10.4
3bdc_a58k_19210_relaxed_rank_005_alphafold2_ptm_model_2_seed_000,LYS,A,58,10.4
