PDB_ID,Residue,Chain ID,Residue ID,Expt. pKa,Cal. pKa,SMILES_Residue,solvent,SMILES,H_Gasteiger_Charge,DH_Index,pKa
1A2P,ASP,C,8,3.3,3.24,OC(C[C@H](N)C(O)=O)=O,H2O,OC(C[C@@H](C(NCC(O)=O)=O)NC(CN)=O)=O,0.296269336,1776,3.3
1A2P,ASP,C,12,3.8,3.28,OC(C[C@H](N)C(O)=O)=O,H2O,OC(C[C@@H](C(NCC(O)=O)=O)NC(CN)=O)=O,0.296269336,1800,3.8
1A2P,HIS,C,18,7.73,6.79,N[C@H](C(O)=O)CC1=CNC=N1,H2O,O=C([C@@H](NC(CN)=O)CC1=CNC=[NH+]1)NCC(O)=O,0.311248158,1855,7.73
1A2P,ASP,C,22,3.3,3.54,OC(C[C@H](N)C(O)=O)=O,H2O,OC(C[C@@H](C(NCC(O)=O)=O)NC(CN)=O)=O,0.296269336,1890,3.3
1A2P,GLU,C,29,3.75,4.34,N[C@H](C(O)=O)CCC(O)=O,H2O,O=C(NCC(O)=O)[C@H](CCC(O)=O)NC(CN)=O,0.296267722,1949,3.75
1A2P,ASP,C,44,3.5,3.74,OC(C[C@H](N)C(O)=O)=O,H2O,OC(C[C@@H](C(NCC(O)=O)=O)NC(CN)=O)=O,0.296267722,2054,3.5
1A2P,GLU,C,60,3,3.99,N[C@H](C(O)=O)CCC(O)=O,H2O,O=C(NCC(O)=O)[C@H](CCC(O)=O)NC(CN)=O,0.296267722,2169,3
1A2P,GLU,C,73,2.2,3.58,N[C@H](C(O)=O)CCC(O)=O,H2O,O=C(NCC(O)=O)[C@H](CCC(O)=O)NC(CN)=O,0.296267722,2272,2.2
1A2P,ASP,C,75,2.8,2.03,OC(C[C@H](N)C(O)=O)=O,H2O,OC(C[C@@H](C(NCC(O)=O)=O)NC(CN)=O)=O,0.296269336,2285,2.8
1A2P,ASP,C,86,4.2,3.32,OC(C[C@H](N)C(O)=O)=O,H2O,OC(C[C@@H](C(NCC(O)=O)=O)NC(CN)=O)=O,0.296269336,2374,4.2
1A2P,HIS,C,102,6.3,6.38,N[C@H](C(O)=O)CC1=CNC=N1,H2O,O=C([C@@H](NC(CN)=O)CC1=CNC=[NH+]1)NCC(O)=O,0.311248158,2513,6.3
1A6K,HIS,A,12,6.3,6.8,N[C@H](C(O)=O)CC1=CNC=N1,H2O,O=C([C@@H](NC(CN)=O)CC1=CNC=[NH+]1)NCC(O)=O,0.311248158,95,6.3
1A6K,HIS,A,24,5,5.66,N[C@H](C(O)=O)CC1=CNC=N1,H2O,O=C([C@@H](NC(CN)=O)CC1=CNC=[NH+]1)NCC(O)=O,0.311248158,185,5
1A6K,HIS,A,36,8.1,6.74,N[C@H](C(O)=O)CC1=CNC=N1,H2O,O=C([C@@H](NC(CN)=O)CC1=CNC=[NH+]1)NCC(O)=O,0.311248158,285,8.1
1A6K,HIS,A,48,5.3,6.37,N[C@H](C(O)=O)CC1=CNC=N1,H2O,O=C([C@@H](NC(CN)=O)CC1=CNC=[NH+]1)NCC(O)=O,0.311248158,394,5.3
1A6K,HIS,A,64,5,5.71,N[C@H](C(O)=O)CC1=CNC=N1,H2O,O=C([C@@H](NC(CN)=O)CC1=CNC=[NH+]1)NCC(O)=O,0.311248158,522,5
1A6K,HIS,A,81,6.7,6.66,N[C@H](C(O)=O)CC1=CNC=N1,H2O,O=C([C@@H](NC(CN)=O)CC1=CNC=[NH+]1)NCC(O)=O,0.311248158,641,6.7
1A6K,HIS,A,82,5,6.99,N[C@H](C(O)=O)CC1=CNC=N1,H2O,O=C([C@@H](NC(CN)=O)CC1=CNC=[NH+]1)NCC(O)=O,0.311248158,651,5
1A6K,HIS,A,93,5,5.81,N[C@H](C(O)=O)CC1=CNC=N1,H2O,O=C([C@@H](NC(CN)=O)CC1=CNC=[NH+]1)NCC(O)=O,0.311248158,736,5
1A6K,HIS,A,97,5.6,5.58,N[C@H](C(O)=O)CC1=CNC=N1,H2O,O=C([C@@H](NC(CN)=O)CC1=CNC=[NH+]1)NCC(O)=O,0.311248158,767,5.6
1A6K,HIS,A,113,5.4,6.09,N[C@H](C(O)=O)CC1=CNC=N1,H2O,O=C([C@@H](NC(CN)=O)CC1=CNC=[NH+]1)NCC(O)=O,0.311248158,902,5.4
1A6K,HIS,A,116,6.5,6.5,N[C@H](C(O)=O)CC1=CNC=N1,H2O,O=C([C@@H](NC(CN)=O)CC1=CNC=[NH+]1)NCC(O)=O,0.311248158,927,6.5
1A6K,HIS,A,119,6.1,5.81,N[C@H](C(O)=O)CC1=CNC=N1,H2O,O=C([C@@H](NC(CN)=O)CC1=CNC=[NH+]1)NCC(O)=O,0.311248158,954,6.1
1A6M,HIS,A,12,6.3,6.77,N[C@H](C(O)=O)CC1=CNC=N1,H2O,O=C([C@@H](NC(CN)=O)CC1=CNC=[NH+]1)NCC(O)=O,0.311248158,95,6.3
1A6M,HIS,A,24,5,5.73,N[C@H](C(O)=O)CC1=CNC=N1,H2O,O=C([C@@H](NC(CN)=O)CC1=CNC=[NH+]1)NCC(O)=O,0.311248158,185,5
1A6M,HIS,A,36,8.1,6.75,N[C@H](C(O)=O)CC1=CNC=N1,H2O,O=C([C@@H](NC(CN)=O)CC1=CNC=[NH+]1)NCC(O)=O,0.311248158,285,8.1
1A6M,HIS,A,48,5.3,6.36,N[C@H](C(O)=O)CC1=CNC=N1,H2O,O=C([C@@H](NC(CN)=O)CC1=CNC=[NH+]1)NCC(O)=O,0.311248158,394,5.3
1A6M,HIS,A,64,5,5.71,N[C@H](C(O)=O)CC1=CNC=N1,H2O,O=C([C@@H](NC(CN)=O)CC1=CNC=[NH+]1)NCC(O)=O,0.311248158,522,5
1A6M,HIS,A,81,6.7,6.66,N[C@H](C(O)=O)CC1=CNC=N1,H2O,O=C([C@@H](NC(CN)=O)CC1=CNC=[NH+]1)NCC(O)=O,0.311248158,641,6.7
1A6M,HIS,A,82,5,6.97,N[C@H](C(O)=O)CC1=CNC=N1,H2O,O=C([C@@H](NC(CN)=O)CC1=CNC=[NH+]1)NCC(O)=O,0.311248158,651,5
1A6M,HIS,A,93,5,5.83,N[C@H](C(O)=O)CC1=CNC=N1,H2O,O=C([C@@H](NC(CN)=O)CC1=CNC=[NH+]1)NCC(O)=O,0.311248158,736,5
1A6M,HIS,A,97,5.6,5.58,N[C@H](C(O)=O)CC1=CNC=N1,H2O,O=C([C@@H](NC(CN)=O)CC1=CNC=[NH+]1)NCC(O)=O,0.311248158,767,5.6
1A6M,HIS,A,113,5.4,6.09,N[C@H](C(O)=O)CC1=CNC=N1,H2O,O=C([C@@H](NC(CN)=O)CC1=CNC=[NH+]1)NCC(O)=O,0.311248158,902,5.4
1A6M,HIS,A,116,6.5,6.49,N[C@H](C(O)=O)CC1=CNC=N1,H2O,O=C([C@@H](NC(CN)=O)CC1=CNC=[NH+]1)NCC(O)=O,0.311248158,927,6.5
1A6M,HIS,A,119,6.1,5.84,N[C@H](C(O)=O)CC1=CNC=N1,H2O,O=C([C@@H](NC(CN)=O)CC1=CNC=[NH+]1)NCC(O)=O,0.311248158,954,6.1
1B2X,ASP,A,8,3.3,3.27,OC(C[C@H](N)C(O)=O)=O,H2O,OC(C[C@@H](C(NCC(O)=O)=O)NC(CN)=O)=O,0.296269336,49,3.3
1B2X,ASP,A,12,3.8,3.37,OC(C[C@H](N)C(O)=O)=O,H2O,OC(C[C@@H](C(NCC(O)=O)=O)NC(CN)=O)=O,0.296269336,73,3.8
1B2X,HIS,A,18,7.73,6.75,N[C@H](C(O)=O)CC1=CNC=N1,H2O,O=C([C@@H](NC(CN)=O)CC1=CNC=[NH+]1)NCC(O)=O,0.311248158,128,7.73
1B2X,ASP,A,22,3.3,3.52,OC(C[C@H](N)C(O)=O)=O,H2O,OC(C[C@@H](C(NCC(O)=O)=O)NC(CN)=O)=O,0.296269336,163,3.3
1B2X,GLU,A,29,3.75,4.32,N[C@H](C(O)=O)CCC(O)=O,H2O,O=C(NCC(O)=O)[C@H](CCC(O)=O)NC(CN)=O,0.296267722,222,3.75
1B2X,ASP,A,44,3.5,3.82,OC(C[C@H](N)C(O)=O)=O,H2O,OC(C[C@@H](C(NCC(O)=O)=O)NC(CN)=O)=O,0.296269336,327,3.5
1B2X,GLU,A,60,3,4.25,N[C@H](C(O)=O)CCC(O)=O,H2O,O=C(NCC(O)=O)[C@H](CCC(O)=O)NC(CN)=O,0.296267722,442,3
1B2X,GLU,A,73,2.2,3.63,N[C@H](C(O)=O)CCC(O)=O,H2O,O=C(NCC(O)=O)[C@H](CCC(O)=O)NC(CN)=O,0.296267722,545,2.2
1B2X,ASP,A,75,2.8,2.18,OC(C[C@H](N)C(O)=O)=O,H2O,OC(C[C@@H](C(NCC(O)=O)=O)NC(CN)=O)=O,0.296269336,558,2.8
1B2X,ASP,A,86,4.2,3.28,OC(C[C@H](N)C(O)=O)=O,H2O,OC(C[C@@H](C(NCC(O)=O)=O)NC(CN)=O)=O,0.296269336,647,4.2
1B2X,HIS,A,102,6.3,6.18,N[C@H](C(O)=O)CC1=CNC=N1,H2O,O=C([C@@H](NC(CN)=O)CC1=CNC=[NH+]1)NCC(O)=O,0.311248158,786,6.3
1BEG,ASP,A,21,2.5,3.63,OC(C[C@H](N)C(O)=O)=O,H2O,OC(C[C@@H](C(NCC(O)=O)=O)NC(CN)=O)=O,0.296269336,150,2.5
1BEG,ASP,A,30,2.5,4.04,OC(C[C@H](N)C(O)=O)=O,H2O,OC(C[C@@H](C(NCC(O)=O)=O)NC(CN)=O)=O,0.296269336,216,2.5
1BEG,ASP,A,72,2.6,3.66,OC(C[C@H](N)C(O)=O)=O,H2O,OC(C[C@@H](C(NCC(O)=O)=O)NC(CN)=O)=O,0.296269336,524,2.6
1BEO,ASP,A,21,2.5,3.03,OC(C[C@H](N)C(O)=O)=O,H2O,OC(C[C@@H](C(NCC(O)=O)=O)NC(CN)=O)=O,0.296269336,150,2.5
1BEO,ASP,A,30,2.5,3.55,OC(C[C@H](N)C(O)=O)=O,H2O,OC(C[C@@H](C(NCC(O)=O)=O)NC(CN)=O)=O,0.296269336,216,2.5
1BEO,ASP,A,72,2.6,3.81,OC(C[C@H](N)C(O)=O)=O,H2O,OC(C[C@@H](C(NCC(O)=O)=O)NC(CN)=O)=O,0.296269336,524,2.6
1BF4,LYS,A,7,11.5,11.44,N[C@H](C(O)=O)CCCCN,H2O,O=C([C@@H](NC(CN)=O)CCCC[NH3+])NCC(O)=O,0.344006605,369,11.5
1BF4,GLU,A,11,3.5,4.31,N[C@H](C(O)=O)CCC(O)=O,H2O,O=C(NCC(O)=O)[C@H](CCC(O)=O)NC(CN)=O,0.296267722,403,3.5
1BF4,GLU,A,12,3.5,3.49,N[C@H](C(O)=O)CCC(O)=O,H2O,O=C(NCC(O)=O)[C@H](CCC(O)=O)NC(CN)=O,0.296267722,412,3.5
1BF4,LYS,A,13,10,11.15,N[C@H](C(O)=O)CCCCN,H2O,O=C([C@@H](NC(CN)=O)CCCC[NH3+])NCC(O)=O,0.344006605,421,10
1BF4,ASP,A,16,2.9,3.76,OC(C[C@H](N)C(O)=O)=O,H2O,OC(C[C@@H](C(NCC(O)=O)=O)NC(CN)=O)=O,0.296269336,445,2.9
1BF4,LYS,A,19,10,11.16,N[C@H](C(O)=O)CCCCN,H2O,O=C([C@@H](NC(CN)=O)CCCC[NH3+])NCC(O)=O,0.344006605,468,10
1BF4,ASP,A,35,2.6,3.51,OC(C[C@H](N)C(O)=O)=O,H2O,OC(C[C@@H](C(NCC(O)=O)=O)NC(CN)=O)=O,0.296269336,606,2.6
1BF4,GLU,A,36,5.4,4.07,N[C@H](C(O)=O)CCC(O)=O,H2O,O=C(NCC(O)=O)[C@H](CCC(O)=O)NC(CN)=O,0.296267722,615,5.4
1BF4,GLU,A,48,3.5,3.69,N[C@H](C(O)=O)CCC(O)=O,H2O,O=C(NCC(O)=O)[C@H](CCC(O)=O)NC(CN)=O,0.296267722,689,3.5
1BF4,ASP,A,50,3,3.6,OC(C[C@H](N)C(O)=O)=O,H2O,OC(C[C@@H](C(NCC(O)=O)=O)NC(CN)=O)=O,0.296269336,706,3
1BF4,GLU,A,54,3.2,4.74,N[C@H](C(O)=O)CCC(O)=O,H2O,O=C(NCC(O)=O)[C@H](CCC(O)=O)NC(CN)=O,0.296267722,736,3.2
1BHC,ASP,J,3,3.55,3.81,OC(C[C@H](N)C(O)=O)=O,H2O,OC(C[C@@H](C(NCC(O)=O)=O)NC(CN)=O)=O,0.296269336,4021,3.55
1BHC,GLU,J,7,3.85,3.78,N[C@H](C(O)=O)CCC(O)=O,H2O,O=C(NCC(O)=O)[C@H](CCC(O)=O)NC(CN)=O,0.296267722,4055,3.85
1BHC,LYS,J,15,10.43,10.51,N[C@H](C(O)=O)CCCCN,H2O,O=C([C@@H](NC(CN)=O)CCCC[NH3+])NCC(O)=O,0.344006605,4114,10.43
1BHC,LYS,J,26,10.44,10.75,N[C@H](C(O)=O)CCCCN,H2O,O=C([C@@H](NC(CN)=O)CCCC[NH3+])NCC(O)=O,0.344006605,4214,10.44
1BHC,LYS,J,41,10.75,10.77,N[C@H](C(O)=O)CCCCN,H2O,O=C([C@@H](NC(CN)=O)CCCC[NH3+])NCC(O)=O,0.344006605,4322,10.75
1BHC,LYS,J,46,10.35,10.54,N[C@H](C(O)=O)CCCCN,H2O,O=C([C@@H](NC(CN)=O)CCCC[NH3+])NCC(O)=O,0.344006605,4369,10.35
1BHC,GLU,J,49,3.91,4.28,N[C@H](C(O)=O)CCC(O)=O,H2O,O=C(NCC(O)=O)[C@H](CCC(O)=O)NC(CN)=O,0.296267722,4389,3.91
1BHC,ASP,J,50,3.2,3.52,OC(C[C@H](N)C(O)=O)=O,H2O,OC(C[C@@H](C(NCC(O)=O)=O)NC(CN)=O)=O,0.296269336,4397,3.2
1BNI,ASP,B,8,3.3,3.4,OC(C[C@H](N)C(O)=O)=O,H2O,OC(C[C@@H](C(NCC(O)=O)=O)NC(CN)=O)=O,0.296269336,899,3.3
1BNI,ASP,B,12,3.8,3.38,OC(C[C@H](N)C(O)=O)=O,H2O,OC(C[C@@H](C(NCC(O)=O)=O)NC(CN)=O)=O,0.296269336,923,3.8
1BNI,HIS,B,18,7.73,6.65,N[C@H](C(O)=O)CC1=CNC=N1,H2O,O=C([C@@H](NC(CN)=O)CC1=CNC=[NH+]1)NCC(O)=O,0.311248158,978,7.73
1BNI,ASP,B,22,3.3,3.63,OC(C[C@H](N)C(O)=O)=O,H2O,OC(C[C@@H](C(NCC(O)=O)=O)NC(CN)=O)=O,0.296269336,1013,3.3
1BNI,GLU,B,29,3.75,4.35,N[C@H](C(O)=O)CCC(O)=O,H2O,O=C(NCC(O)=O)[C@H](CCC(O)=O)NC(CN)=O,0.296267722,1072,3.75
1BNI,ASP,B,44,3.5,3.75,OC(C[C@H](N)C(O)=O)=O,H2O,OC(C[C@@H](C(NCC(O)=O)=O)NC(CN)=O)=O,0.296269336,1177,3.5
1BNI,GLU,B,73,2.2,3.48,N[C@H](C(O)=O)CCC(O)=O,H2O,O=C(NCC(O)=O)[C@H](CCC(O)=O)NC(CN)=O,0.296267722,1380,2.2
1BNI,ASP,B,75,2.8,2.04,OC(C[C@H](N)C(O)=O)=O,H2O,OC(C[C@@H](C(NCC(O)=O)=O)NC(CN)=O)=O,0.296269336,1393,2.8
1BNI,ASP,B,86,4.2,3.42,OC(C[C@H](N)C(O)=O)=O,H2O,OC(C[C@@H](C(NCC(O)=O)=O)NC(CN)=O)=O,0.296269336,1482,4.2
1BNI,HIS,B,102,6.3,6.24,N[C@H](C(O)=O)CC1=CNC=N1,H2O,O=C([C@@H](NC(CN)=O)CC1=CNC=[NH+]1)NCC(O)=O,0.311248158,1621,6.3
1BNJ,ASP,A,8,3.3,3.25,OC(C[C@H](N)C(O)=O)=O,H2O,OC(C[C@@H](C(NCC(O)=O)=O)NC(CN)=O)=O,0.296269336,49,3.3
1BNJ,ASP,A,12,3.8,3.24,OC(C[C@H](N)C(O)=O)=O,H2O,OC(C[C@@H](C(NCC(O)=O)=O)NC(CN)=O)=O,0.296269336,73,3.8
1BNJ,HIS,A,18,7.73,6.78,N[C@H](C(O)=O)CC1=CNC=N1,H2O,O=C([C@@H](NC(CN)=O)CC1=CNC=[NH+]1)NCC(O)=O,0.311248158,128,7.73
1BNJ,ASP,A,22,3.3,3.68,OC(C[C@H](N)C(O)=O)=O,H2O,OC(C[C@@H](C(NCC(O)=O)=O)NC(CN)=O)=O,0.296269336,163,3.3
1BNJ,GLU,A,29,3.75,4.32,N[C@H](C(O)=O)CCC(O)=O,H2O,O=C(NCC(O)=O)[C@H](CCC(O)=O)NC(CN)=O,0.296267722,222,3.75
1BNJ,ASP,A,44,3.5,3.8,OC(C[C@H](N)C(O)=O)=O,H2O,OC(C[C@@H](C(NCC(O)=O)=O)NC(CN)=O)=O,0.296269336,327,3.5
1BNJ,GLU,A,73,2.2,3.72,N[C@H](C(O)=O)CCC(O)=O,H2O,O=C(NCC(O)=O)[C@H](CCC(O)=O)NC(CN)=O,0.296267722,541,2.2
1BNJ,ASP,A,75,2.8,2.05,OC(C[C@H](N)C(O)=O)=O,H2O,OC(C[C@@H](C(NCC(O)=O)=O)NC(CN)=O)=O,0.296269336,554,2.8
1BNJ,ASP,A,86,4.2,3.29,OC(C[C@H](N)C(O)=O)=O,H2O,OC(C[C@@H](C(NCC(O)=O)=O)NC(CN)=O)=O,0.296269336,643,4.2
1BNJ,HIS,A,102,6.3,6.21,N[C@H](C(O)=O)CC1=CNC=N1,H2O,O=C([C@@H](NC(CN)=O)CC1=CNC=[NH+]1)NCC(O)=O,0.311248158,782,6.3
1BNR,ASP,A,8,3.3,3.21,OC(C[C@H](N)C(O)=O)=O,H2O,OC(C[C@@H](C(NCC(O)=O)=O)NC(CN)=O)=O,0.296269336,62,3.3
1BNR,ASP,A,12,3.8,3.46,OC(C[C@H](N)C(O)=O)=O,H2O,OC(C[C@@H](C(NCC(O)=O)=O)NC(CN)=O)=O,0.296269336,86,3.8
1BNR,HIS,A,18,7.73,6.65,N[C@H](C(O)=O)CC1=CNC=N1,H2O,O=C([C@@H](NC(CN)=O)CC1=CNC=[NH+]1)NCC(O)=O,0.311248158,141,7.73
1BNR,ASP,A,22,3.3,3.82,OC(C[C@H](N)C(O)=O)=O,H2O,OC(C[C@@H](C(NCC(O)=O)=O)NC(CN)=O)=O,0.296269336,176,3.3
1BNR,GLU,A,29,3.75,4.45,N[C@H](C(O)=O)CCC(O)=O,H2O,O=C(NCC(O)=O)[C@H](CCC(O)=O)NC(CN)=O,0.296267722,235,3.75
1BNR,ASP,A,44,3.5,3.89,OC(C[C@H](N)C(O)=O)=O,H2O,OC(C[C@@H](C(NCC(O)=O)=O)NC(CN)=O)=O,0.296269336,340,3.5
1BNR,GLU,A,60,3,4.11,N[C@H](C(O)=O)CCC(O)=O,H2O,O=C(NCC(O)=O)[C@H](CCC(O)=O)NC(CN)=O,0.296267722,455,3
1BNR,GLU,A,73,2.2,3.63,N[C@H](C(O)=O)CCC(O)=O,H2O,O=C(NCC(O)=O)[C@H](CCC(O)=O)NC(CN)=O,0.296267722,558,2.2
1BNR,ASP,A,75,2.8,2.85,OC(C[C@H](N)C(O)=O)=O,H2O,OC(C[C@@H](C(NCC(O)=O)=O)NC(CN)=O)=O,0.296269336,571,2.8
1BNR,ASP,A,86,4.2,3.55,OC(C[C@H](N)C(O)=O)=O,H2O,OC(C[C@@H](C(NCC(O)=O)=O)NC(CN)=O)=O,0.296269336,660,4.2
1BNR,HIS,A,102,6.3,5.8,N[C@H](C(O)=O)CC1=CNC=N1,H2O,O=C([C@@H](NC(CN)=O)CC1=CNC=[NH+]1)NCC(O)=O,0.311248158,799,6.3
1BPI,ASP,A,3,3.55,3.48,OC(C[C@H](N)C(O)=O)=O,H2O,OC(C[C@@H](C(NCC(O)=O)=O)NC(CN)=O)=O,0.296269336,25,3.55
1BPI,GLU,A,7,3.85,4,N[C@H](C(O)=O)CCC(O)=O,H2O,O=C(NCC(O)=O)[C@H](CCC(O)=O)NC(CN)=O,0.296267722,59,3.85
1BPI,LYS,A,15,10.43,10.77,N[C@H](C(O)=O)CCCCN,H2O,O=C([C@@H](NC(CN)=O)CCCC[NH3+])NCC(O)=O,0.344006605,118,10.43
1BPI,LYS,A,26,10.44,10.72,N[C@H](C(O)=O)CCCCN,H2O,O=C([C@@H](NC(CN)=O)CCCC[NH3+])NCC(O)=O,0.344006605,218,10.44
1BPI,LYS,A,41,10.75,10.78,N[C@H](C(O)=O)CCCCN,H2O,O=C([C@@H](NC(CN)=O)CCCC[NH3+])NCC(O)=O,0.344006605,326,10.75
1BPI,LYS,A,46,10.35,10.49,N[C@H](C(O)=O)CCCCN,H2O,O=C([C@@H](NC(CN)=O)CCCC[NH3+])NCC(O)=O,0.344006605,373,10.35
1BPI,GLU,A,49,3.91,4.17,N[C@H](C(O)=O)CCC(O)=O,H2O,O=C(NCC(O)=O)[C@H](CCC(O)=O)NC(CN)=O,0.296267722,393,3.91
1BPI,ASP,A,50,3.2,3.3,OC(C[C@H](N)C(O)=O)=O,H2O,OC(C[C@@H](C(NCC(O)=O)=O)NC(CN)=O)=O,0.296269336,401,3.2
1BUS,ASP,A,6,4,3.71,OC(C[C@H](N)C(O)=O)=O,H2O,OC(C[C@@H](C(NCC(O)=O)=O)NC(CN)=O)=O,0.296269336,40,4
1BUS,GLU,A,9,4.3,4.46,N[C@H](C(O)=O)CCC(O)=O,H2O,O=C(NCC(O)=O)[C@H](CCC(O)=O)NC(CN)=O,0.296267722,60,4.3
1BUS,ASP,A,12,3.6,3.53,OC(C[C@H](N)C(O)=O)=O,H2O,OC(C[C@@H](C(NCC(O)=O)=O)NC(CN)=O)=O,0.296269336,88,3.6
1BUS,GLU,A,20,4.1,3.7,N[C@H](C(O)=O)CCC(O)=O,H2O,O=C(NCC(O)=O)[C@H](CCC(O)=O)NC(CN)=O,0.296267722,156,4.1
1BVI,ASP,B,3,3.54,3.75,OC(C[C@H](N)C(O)=O)=O,H2O,OC(C[C@@H](C(NCC(O)=O)=O)NC(CN)=O)=O,0.296269336,795,3.54
1BVI,ASP,B,15,3.52,3.92,OC(C[C@H](N)C(O)=O)=O,H2O,OC(C[C@@H](C(NCC(O)=O)=O)NC(CN)=O)=O,0.296269336,882,3.52
1BVI,HIS,B,27,7,7.28,N[C@H](C(O)=O)CC1=CNC=N1,H2O,O=C([C@@H](NC(CN)=O)CC1=CNC=[NH+]1)NCC(O)=O,0.311248158,966,7
1BVI,GLU,B,28,5.61,4.52,N[C@H](C(O)=O)CCC(O)=O,H2O,O=C(NCC(O)=O)[C@H](CCC(O)=O)NC(CN)=O,0.296267722,978,5.61
1BVI,ASP,B,29,4.26,3.54,OC(C[C@H](N)C(O)=O)=O,H2O,OC(C[C@@H](C(NCC(O)=O)=O)NC(CN)=O)=O,0.296269336,986,4.26
1BVI,GLU,B,31,5.36,4.82,N[C@H](C(O)=O)CCC(O)=O,H2O,O=C(NCC(O)=O)[C@H](CCC(O)=O)NC(CN)=O,0.296267722,999,5.36
1BVI,HIS,B,40,7.7,6.77,N[C@H](C(O)=O)CC1=CNC=N1,H2O,O=C([C@@H](NC(CN)=O)CC1=CNC=[NH+]1)NCC(O)=O,0.311248158,1063,7.7
1BVI,GLU,B,46,3.62,4.09,N[C@H](C(O)=O)CCC(O)=O,H2O,O=C(NCC(O)=O)[C@H](CCC(O)=O)NC(CN)=O,0.296267722,1124,3.62
1BVI,ASP,B,49,4.22,4.15,OC(C[C@H](N)C(O)=O)=O,H2O,OC(C[C@@H](C(NCC(O)=O)=O)NC(CN)=O)=O,0.296269336,1147,4.22
1BVI,GLU,B,58,3.96,3.46,N[C@H](C(O)=O)CCC(O)=O,H2O,O=C(NCC(O)=O)[C@H](CCC(O)=O)NC(CN)=O,0.296267722,1223,3.96
1BVI,ASP,B,66,3.9,3.87,OC(C[C@H](N)C(O)=O)=O,H2O,OC(C[C@@H](C(NCC(O)=O)=O)NC(CN)=O)=O,0.296269336,1284,3.9
1BVI,ASP,B,76,0.5,3.39,OC(C[C@H](N)C(O)=O)=O,H2O,OC(C[C@@H](C(NCC(O)=O)=O)NC(CN)=O)=O,0.296269336,1347,0.5
1BVI,GLU,B,82,3.27,3.66,N[C@H](C(O)=O)CCC(O)=O,H2O,O=C(NCC(O)=O)[C@H](CCC(O)=O)NC(CN)=O,0.296267722,1400,3.27
1BVI,HIS,B,92,7.3,6.74,N[C@H](C(O)=O)CC1=CNC=N1,H2O,O=C([C@@H](NC(CN)=O)CC1=CNC=[NH+]1)NCC(O)=O,0.311248158,1471,7.3
1C8C,LYS,A,7,11.5,10.68,N[C@H](C(O)=O)CCCCN,H2O,O=C([C@@H](NC(CN)=O)CCCC[NH3+])NCC(O)=O,0.344006605,379,11.5
1C8C,GLU,A,11,3.5,4.36,N[C@H](C(O)=O)CCC(O)=O,H2O,O=C(NCC(O)=O)[C@H](CCC(O)=O)NC(CN)=O,0.296267722,413,3.5
1C8C,GLU,A,12,3.5,4.01,N[C@H](C(O)=O)CCC(O)=O,H2O,O=C(NCC(O)=O)[C@H](CCC(O)=O)NC(CN)=O,0.296267722,422,3.5
1C8C,LYS,A,13,10,10.97,N[C@H](C(O)=O)CCCCN,H2O,O=C([C@@H](NC(CN)=O)CCCC[NH3+])NCC(O)=O,0.344006605,431,10
1C8C,ASP,A,16,2.9,3.76,OC(C[C@H](N)C(O)=O)=O,H2O,OC(C[C@@H](C(NCC(O)=O)=O)NC(CN)=O)=O,0.296269336,455,2.9
1C8C,LYS,A,19,10,11.07,N[C@H](C(O)=O)CCCCN,H2O,O=C([C@@H](NC(CN)=O)CCCC[NH3+])NCC(O)=O,0.344006605,478,10
1C8C,ASP,A,35,2.6,3.53,OC(C[C@H](N)C(O)=O)=O,H2O,OC(C[C@@H](C(NCC(O)=O)=O)NC(CN)=O)=O,0.296269336,616,2.6
1C8C,GLU,A,36,5.4,3.82,N[C@H](C(O)=O)CCC(O)=O,H2O,O=C(NCC(O)=O)[C@H](CCC(O)=O)NC(CN)=O,0.296267722,625,5.4
1C8C,GLU,A,48,3.5,3.75,N[C@H](C(O)=O)CCC(O)=O,H2O,O=C(NCC(O)=O)[C@H](CCC(O)=O)NC(CN)=O,0.296267722,699,3.5
1C8C,ASP,A,50,3,3.81,OC(C[C@H](N)C(O)=O)=O,H2O,OC(C[C@@H](C(NCC(O)=O)=O)NC(CN)=O)=O,0.296269336,716,3
1C8C,GLU,A,54,3.2,4.09,N[C@H](C(O)=O)CCC(O)=O,H2O,O=C(NCC(O)=O)[C@H](CCC(O)=O)NC(CN)=O,0.296267722,746,3.2
1CDC,ASP,A,25,3.5,3.74,OC(C[C@H](N)C(O)=O)=O,H2O,OC(C[C@@H](C(NCC(O)=O)=O)NC(CN)=O)=O,0.296269336,923,3.5
1CDC,ASP,A,26,3.6,3.82,OC(C[C@H](N)C(O)=O)=O,H2O,OC(C[C@@H](C(NCC(O)=O)=O)NC(CN)=O)=O,0.296269336,931,3.6
1CDC,ASP,A,28,3.6,2.84,OC(C[C@H](N)C(O)=O)=O,H2O,OC(C[C@@H](C(NCC(O)=O)=O)NC(CN)=O)=O,0.296269336,947,3.6
1CDC,GLU,A,29,4.4,4.09,N[C@H](C(O)=O)CCC(O)=O,H2O,O=C(NCC(O)=O)[C@H](CCC(O)=O)NC(CN)=O,0.296267722,956,4.4
1CDC,GLU,A,33,4.2,3.95,N[C@H](C(O)=O)CCC(O)=O,H2O,O=C(NCC(O)=O)[C@H](CCC(O)=O)NC(CN)=O,0.296267722,997,4.2
1CDC,GLU,A,41,6.7,4.41,N[C@H](C(O)=O)CCC(O)=O,H2O,O=C(NCC(O)=O)[C@H](CCC(O)=O)NC(CN)=O,0.296267722,1054,6.7
1CDC,GLU,A,56,3.9,3.74,N[C@H](C(O)=O)CCC(O)=O,H2O,O=C(NCC(O)=O)[C@H](CCC(O)=O)NC(CN)=O,0.296267722,1181,3.9
1CDC,ASP,A,62,4.1,3.81,OC(C[C@H](N)C(O)=O)=O,H2O,OC(C[C@@H](C(NCC(O)=O)=O)NC(CN)=O)=O,0.296269336,1222,4.1
1CDC,ASP,A,71,3.2,3.93,OC(C[C@H](N)C(O)=O)=O,H2O,OC(C[C@@H](C(NCC(O)=O)=O)NC(CN)=O)=O,0.296269336,1298,3.2
1CDC,ASP,A,72,4.1,3.73,OC(C[C@H](N)C(O)=O)=O,H2O,OC(C[C@@H](C(NCC(O)=O)=O)NC(CN)=O)=O,0.296269336,1306,4.1
1CDC,ASP,A,94,3.9,3.42,OC(C[C@H](N)C(O)=O)=O,H2O,OC(C[C@@H](C(NCC(O)=O)=O)NC(CN)=O)=O,0.296269336,1473,3.9
1CDC,GLU,A,99,4.2,4.54,N[C@H](C(O)=O)CCC(O)=O,H2O,O=C(NCC(O)=O)[C@H](CCC(O)=O)NC(CN)=O,0.296267722,1517,4.2
1COA,GLU,I,23,3.2,4.09,N[C@H](C(O)=O)CCC(O)=O,H2O,O=C(NCC(O)=O)[C@H](CCC(O)=O)NC(CN)=O,0.296267722,32,3.2
1COA,GLU,I,26,3.3,3.63,N[C@H](C(O)=O)CCC(O)=O,H2O,O=C(NCC(O)=O)[C@H](CCC(O)=O)NC(CN)=O,0.296267722,62,3.3
1COA,GLU,I,33,4.2,4.21,N[C@H](C(O)=O)CCC(O)=O,H2O,O=C(NCC(O)=O)[C@H](CCC(O)=O)NC(CN)=O,0.296267722,112,4.2
1COA,GLU,I,34,3.8,4.23,N[C@H](C(O)=O)CCC(O)=O,H2O,O=C(NCC(O)=O)[C@H](CCC(O)=O)NC(CN)=O,0.296267722,121,3.8
1COA,ASP,I,42,3.3,3.59,OC(C[C@H](N)C(O)=O)=O,H2O,OC(C[C@@H](C(NCC(O)=O)=O)NC(CN)=O)=O,0.296269336,184,3.3
1COA,GLU,I,45,3.9,3.97,N[C@H](C(O)=O)CCC(O)=O,H2O,O=C(NCC(O)=O)[C@H](CCC(O)=O)NC(CN)=O,0.296267722,209,3.9
1COA,GLU,I,60,3.5,4.02,N[C@H](C(O)=O)CCC(O)=O,H2O,O=C(NCC(O)=O)[C@H](CCC(O)=O)NC(CN)=O,0.296267722,318,3.5
1COA,ASP,I,64,3.8,2.8,OC(C[C@H](N)C(O)=O)=O,H2O,OC(C[C@@H](C(NCC(O)=O)=O)NC(CN)=O)=O,0.296269336,357,3.8
1COA,ASP,I,71,2.8,3.3,OC(C[C@H](N)C(O)=O)=O,H2O,OC(C[C@@H](C(NCC(O)=O)=O)NC(CN)=O)=O,0.296269336,420,2.8
1COA,ASP,I,74,5,3.95,OC(C[C@H](N)C(O)=O)=O,H2O,OC(C[C@@H](C(NCC(O)=O)=O)NC(CN)=O)=O,0.296269336,445,5
1CVO,GLU,A,17,4,4.53,N[C@H](C(O)=O)CCC(O)=O,H2O,O=C(NCC(O)=O)[C@H](CCC(O)=O)NC(CN)=O,0.296267722,140,4
1CVO,ASP,A,42,3.2,3.85,OC(C[C@H](N)C(O)=O)=O,H2O,OC(C[C@@H](C(NCC(O)=O)=O)NC(CN)=O)=O,0.296269336,336,3.2
1CVO,ASP,A,59,2.3,3.5,OC(C[C@H](N)C(O)=O)=O,H2O,OC(C[C@@H](C(NCC(O)=O)=O)NC(CN)=O)=O,0.296269336,462,2.3
1D0D,ASP,B,3,3.55,3.74,OC(C[C@H](N)C(O)=O)=O,H2O,OC(C[C@@H](C(NCC(O)=O)=O)NC(CN)=O)=O,0.296269336,514,3.55
1D0D,GLU,B,7,3.85,4.19,N[C@H](C(O)=O)CCC(O)=O,H2O,O=C(NCC(O)=O)[C@H](CCC(O)=O)NC(CN)=O,0.296267722,548,3.85
1D0D,LYS,B,15,10.43,10.71,N[C@H](C(O)=O)CCCCN,H2O,O=C([C@@H](NC(CN)=O)CCCC[NH3+])NCC(O)=O,0.344006605,607,10.43
1D0D,LYS,B,26,10.44,10.76,N[C@H](C(O)=O)CCCCN,H2O,O=C([C@@H](NC(CN)=O)CCCC[NH3+])NCC(O)=O,0.344006605,707,10.44
1D0D,LYS,B,41,10.75,10.75,N[C@H](C(O)=O)CCCCN,H2O,O=C([C@@H](NC(CN)=O)CCCC[NH3+])NCC(O)=O,0.344006605,815,10.75
1D0D,LYS,B,46,10.35,10.51,N[C@H](C(O)=O)CCCCN,H2O,O=C([C@@H](NC(CN)=O)CCCC[NH3+])NCC(O)=O,0.344006605,862,10.35
1D0D,GLU,B,49,3.91,4.24,N[C@H](C(O)=O)CCC(O)=O,H2O,O=C(NCC(O)=O)[C@H](CCC(O)=O)NC(CN)=O,0.296267722,882,3.91
1D0D,ASP,B,50,3.2,3.05,OC(C[C@H](N)C(O)=O)=O,H2O,OC(C[C@@H](C(NCC(O)=O)=O)NC(CN)=O)=O,0.296269336,890,3.2
1DE3,ASP,A,9,3.9,3.55,OC(C[C@H](N)C(O)=O)=O,H2O,OC(C[C@@H](C(NCC(O)=O)=O)NC(CN)=O)=O,0.296269336,69,3.9
1DE3,GLU,A,19,4.6,4.06,N[C@H](C(O)=O)CCC(O)=O,H2O,O=C(NCC(O)=O)[C@H](CCC(O)=O)NC(CN)=O,0.296267722,156,4.6
1DE3,GLU,A,31,4.6,4.08,N[C@H](C(O)=O)CCC(O)=O,H2O,O=C(NCC(O)=O)[C@H](CCC(O)=O)NC(CN)=O,0.296267722,259,4.6
1DE3,HIS,A,35,6.3,6.56,N[C@H](C(O)=O)CC1=CNC=N1,H2O,O=C([C@@H](NC(CN)=O)CC1=CNC=[NH+]1)NCC(O)=O,0.311248158,286,6.3
1DE3,HIS,A,36,6.8,6.76,N[C@H](C(O)=O)CC1=CNC=N1,H2O,O=C([C@@H](NC(CN)=O)CC1=CNC=[NH+]1)NCC(O)=O,0.311248158,296,6.8
1DE3,HIS,A,50,7.7,6.44,N[C@H](C(O)=O)CC1=CNC=N1,H2O,O=C([C@@H](NC(CN)=O)CC1=CNC=[NH+]1)NCC(O)=O,0.311248158,395,7.7
1DE3,ASP,A,57,4.2,3.75,OC(C[C@H](N)C(O)=O)=O,H2O,OC(C[C@@H](C(NCC(O)=O)=O)NC(CN)=O)=O,0.296269336,462,4.2
1DE3,ASP,A,59,4,3.03,OC(C[C@H](N)C(O)=O)=O,H2O,OC(C[C@@H](C(NCC(O)=O)=O)NC(CN)=O)=O,0.296269336,474,4
1DE3,ASP,A,75,3.8,3.13,OC(C[C@H](N)C(O)=O)=O,H2O,OC(C[C@@H](C(NCC(O)=O)=O)NC(CN)=O)=O,0.296269336,595,3.8
1DE3,HIS,A,82,7.3,7.5,N[C@H](C(O)=O)CC1=CNC=N1,H2O,O=C([C@@H](NC(CN)=O)CC1=CNC=[NH+]1)NCC(O)=O,0.311248158,650,7.3
1DE3,ASP,A,85,3.8,3.78,OC(C[C@H](N)C(O)=O)=O,H2O,OC(C[C@@H](C(NCC(O)=O)=O)NC(CN)=O)=O,0.296269336,676,3.8
1DE3,HIS,A,92,6.9,6.2,N[C@H](C(O)=O)CC1=CNC=N1,H2O,O=C([C@@H](NC(CN)=O)CC1=CNC=[NH+]1)NCC(O)=O,0.311248158,723,6.9
1DE3,GLU,A,96,5.2,3.36,N[C@H](C(O)=O)CCC(O)=O,H2O,O=C(NCC(O)=O)[C@H](CCC(O)=O)NC(CN)=O,0.296267722,763,5.2
1DE3,HIS,A,104,6.5,6.52,N[C@H](C(O)=O)CC1=CNC=N1,H2O,O=C([C@@H](NC(CN)=O)CC1=CNC=[NH+]1)NCC(O)=O,0.311248158,825,6.5
1DE3,GLU,A,115,4.9,4.08,N[C@H](C(O)=O)CCC(O)=O,H2O,O=C(NCC(O)=O)[C@H](CCC(O)=O)NC(CN)=O,0.296267722,925,4.9
1DE3,HIS,A,137,5.8,6.06,N[C@H](C(O)=O)CC1=CNC=N1,H2O,O=C([C@@H](NC(CN)=O)CC1=CNC=[NH+]1)NCC(O)=O,0.311248158,1093,5.8
1DE3,GLU,A,140,4.2,4.02,N[C@H](C(O)=O)CCC(O)=O,H2O,O=C(NCC(O)=O)[C@H](CCC(O)=O)NC(CN)=O,0.296267722,1121,4.2
1DE3,GLU,A,144,4.3,4.24,N[C@H](C(O)=O)CCC(O)=O,H2O,O=C(NCC(O)=O)[C@H](CCC(O)=O)NC(CN)=O,0.296267722,1151,4.3
1DE3,HIS,A,150,7.6,6.26,N[C@H](C(O)=O)CC1=CNC=N1,H2O,O=C([C@@H](NC(CN)=O)CC1=CNC=[NH+]1)NCC(O)=O,0.311248158,1195,7.6
1DG9,HIS,A,66,8.3,7,N[C@H](C(O)=O)CC1=CNC=N1,H2O,O=C([C@@H](NC(CN)=O)CC1=CNC=[NH+]1)NCC(O)=O,0.311248158,504,8.3
1DG9,HIS,A,72,9.2,6.68,N[C@H](C(O)=O)CC1=CNC=N1,H2O,O=C([C@@H](NC(CN)=O)CC1=CNC=[NH+]1)NCC(O)=O,0.311248158,546,9.2
1DWR,HIS,A,36,7.8,6.65,N[C@H](C(O)=O)CC1=CNC=N1,H2O,O=C([C@@H](NC(CN)=O)CC1=CNC=[NH+]1)NCC(O)=O,0.311248158,276,7.8
1DWR,HIS,A,48,5.62,6.49,N[C@H](C(O)=O)CC1=CNC=N1,H2O,O=C([C@@H](NC(CN)=O)CC1=CNC=[NH+]1)NCC(O)=O,0.311248158,383,5.62
1DWR,HIS,A,81,6.94,6.43,N[C@H](C(O)=O)CC1=CNC=N1,H2O,O=C([C@@H](NC(CN)=O)CC1=CNC=[NH+]1)NCC(O)=O,0.311248158,629,6.94
1DWR,HIS,A,113,5.87,6.06,N[C@H](C(O)=O)CC1=CNC=N1,H2O,O=C([C@@H](NC(CN)=O)CC1=CNC=[NH+]1)NCC(O)=O,0.311248158,889,5.87
1DWR,HIS,A,116,6.79,6.29,N[C@H](C(O)=O)CC1=CNC=N1,H2O,O=C([C@@H](NC(CN)=O)CC1=CNC=[NH+]1)NCC(O)=O,0.311248158,914,6.79
1DWR,HIS,A,119,6.56,5.98,N[C@H](C(O)=O)CC1=CNC=N1,H2O,O=C([C@@H](NC(CN)=O)CC1=CNC=[NH+]1)NCC(O)=O,0.311248158,939,6.56
1EGF,ASP,A,11,3.9,4.15,OC(C[C@H](N)C(O)=O)=O,H2O,OC(C[C@@H](C(NCC(O)=O)=O)NC(CN)=O)=O,0.296269336,81,3.9
1EGF,GLU,A,24,4.1,4.54,N[C@H](C(O)=O)CCC(O)=O,H2O,O=C(NCC(O)=O)[C@H](CCC(O)=O)NC(CN)=O,0.296267722,175,4.1
1EGF,ASP,A,27,4,3.8,OC(C[C@H](N)C(O)=O)=O,H2O,OC(C[C@@H](C(NCC(O)=O)=O)NC(CN)=O)=O,0.296269336,197,4
1EGF,ASP,A,40,3.6,3.68,OC(C[C@H](N)C(O)=O)=O,H2O,OC(C[C@@H](C(NCC(O)=O)=O)NC(CN)=O)=O,0.296269336,291,3.6
1EGF,ASP,A,46,3.8,3.63,OC(C[C@H](N)C(O)=O)=O,H2O,OC(C[C@@H](C(NCC(O)=O)=O)NC(CN)=O)=O,0.296269336,343,3.8
1EGF,GLU,A,51,4,4.36,N[C@H](C(O)=O)CCC(O)=O,H2O,O=C(NCC(O)=O)[C@H](CCC(O)=O)NC(CN)=O,0.296267722,399,4
1EPG,ASP,A,11,3.9,4.14,OC(C[C@H](N)C(O)=O)=O,H2O,OC(C[C@@H](C(NCC(O)=O)=O)NC(CN)=O)=O,0.296269336,81,3.9
1EPG,GLU,A,24,4.1,4.34,N[C@H](C(O)=O)CCC(O)=O,H2O,O=C(NCC(O)=O)[C@H](CCC(O)=O)NC(CN)=O,0.296267722,175,4.1
1EPG,ASP,A,27,4,3.91,OC(C[C@H](N)C(O)=O)=O,H2O,OC(C[C@@H](C(NCC(O)=O)=O)NC(CN)=O)=O,0.296269336,197,4
1EPG,ASP,A,40,3.6,3.65,OC(C[C@H](N)C(O)=O)=O,H2O,OC(C[C@@H](C(NCC(O)=O)=O)NC(CN)=O)=O,0.296269336,291,3.6
1EPG,ASP,A,46,3.8,3.5,OC(C[C@H](N)C(O)=O)=O,H2O,OC(C[C@@H](C(NCC(O)=O)=O)NC(CN)=O)=O,0.296269336,343,3.8
1EPG,GLU,A,51,4,4.7,N[C@H](C(O)=O)CCC(O)=O,H2O,O=C(NCC(O)=O)[C@H](CCC(O)=O)NC(CN)=O,0.296267722,399,4
1EPH,ASP,A,11,3.9,4.05,OC(C[C@H](N)C(O)=O)=O,H2O,OC(C[C@@H](C(NCC(O)=O)=O)NC(CN)=O)=O,0.296269336,81,3.9
1EPH,GLU,A,24,4.1,4.23,N[C@H](C(O)=O)CCC(O)=O,H2O,O=C(NCC(O)=O)[C@H](CCC(O)=O)NC(CN)=O,0.296267722,175,4.1
1EPH,ASP,A,27,4,4.18,OC(C[C@H](N)C(O)=O)=O,H2O,OC(C[C@@H](C(NCC(O)=O)=O)NC(CN)=O)=O,0.296269336,197,4
1EPH,ASP,A,40,3.6,3.55,OC(C[C@H](N)C(O)=O)=O,H2O,OC(C[C@@H](C(NCC(O)=O)=O)NC(CN)=O)=O,0.296269336,291,3.6
1EPH,ASP,A,46,3.8,3.45,OC(C[C@H](N)C(O)=O)=O,H2O,OC(C[C@@H](C(NCC(O)=O)=O)NC(CN)=O)=O,0.296269336,343,3.8
1EPH,GLU,A,51,4,4.66,N[C@H](C(O)=O)CCC(O)=O,H2O,O=C(NCC(O)=O)[C@H](CCC(O)=O)NC(CN)=O,0.296267722,399,4
1FW7,ASP,A,8,3.3,3.3,OC(C[C@H](N)C(O)=O)=O,H2O,OC(C[C@@H](C(NCC(O)=O)=O)NC(CN)=O)=O,0.296269336,62,3.3
1FW7,ASP,A,12,3.8,3.74,OC(C[C@H](N)C(O)=O)=O,H2O,OC(C[C@@H](C(NCC(O)=O)=O)NC(CN)=O)=O,0.296269336,86,3.8
1FW7,HIS,A,18,7.73,6.88,N[C@H](C(O)=O)CC1=CNC=N1,H2O,O=C([C@@H](NC(CN)=O)CC1=CNC=[NH+]1)NCC(O)=O,0.311248158,141,7.73
1FW7,ASP,A,22,3.3,3.03,OC(C[C@H](N)C(O)=O)=O,H2O,OC(C[C@@H](C(NCC(O)=O)=O)NC(CN)=O)=O,0.296269336,176,3.3
1FW7,GLU,A,29,3.75,4.34,N[C@H](C(O)=O)CCC(O)=O,H2O,O=C(NCC(O)=O)[C@H](CCC(O)=O)NC(CN)=O,0.296267722,235,3.75
1FW7,ASP,A,44,3.5,3.84,OC(C[C@H](N)C(O)=O)=O,H2O,OC(C[C@@H](C(NCC(O)=O)=O)NC(CN)=O)=O,0.296269336,340,3.5
1FW7,GLU,A,60,3,4.24,N[C@H](C(O)=O)CCC(O)=O,H2O,O=C(NCC(O)=O)[C@H](CCC(O)=O)NC(CN)=O,0.296267722,455,3
1FW7,GLU,A,73,2.2,3.25,N[C@H](C(O)=O)CCC(O)=O,H2O,O=C(NCC(O)=O)[C@H](CCC(O)=O)NC(CN)=O,0.296267722,558,2.2
1FW7,ASP,A,75,2.8,3.04,OC(C[C@H](N)C(O)=O)=O,H2O,OC(C[C@@H](C(NCC(O)=O)=O)NC(CN)=O)=O,0.296269336,571,2.8
1FW7,ASP,A,86,4.2,3.52,OC(C[C@H](N)C(O)=O)=O,H2O,OC(C[C@@H](C(NCC(O)=O)=O)NC(CN)=O)=O,0.296269336,660,4.2
1FW7,HIS,A,102,6.3,6.28,N[C@H](C(O)=O)CC1=CNC=N1,H2O,O=C([C@@H](NC(CN)=O)CC1=CNC=[NH+]1)NCC(O)=O,0.311248158,799,6.3
1GB1,LYS,A,10,11,10.93,N[C@H](C(O)=O)CCCCN,H2O,O=C([C@@H](NC(CN)=O)CCCC[NH3+])NCC(O)=O,0.344006605,80,11
1GB1,LYS,A,13,11,11.26,N[C@H](C(O)=O)CCCCN,H2O,O=C([C@@H](NC(CN)=O)CCCC[NH3+])NCC(O)=O,0.344006605,104,11
1GB1,GLU,A,15,4.4,4.47,N[C@H](C(O)=O)CCC(O)=O,H2O,O=C(NCC(O)=O)[C@H](CCC(O)=O)NC(CN)=O,0.296267722,117,4.4
1GB1,GLU,A,19,3.7,4.68,N[C@H](C(O)=O)CCC(O)=O,H2O,O=C(NCC(O)=O)[C@H](CCC(O)=O)NC(CN)=O,0.296267722,147,3.7
1GB1,ASP,A,22,2.9,3.32,OC(C[C@H](N)C(O)=O)=O,H2O,OC(C[C@@H](C(NCC(O)=O)=O)NC(CN)=O)=O,0.296269336,167,2.9
1GB1,GLU,A,27,4.5,4.42,N[C@H](C(O)=O)CCC(O)=O,H2O,O=C(NCC(O)=O)[C@H](CCC(O)=O)NC(CN)=O,0.296267722,198,4.5
1GB1,LYS,A,28,10.9,10.85,N[C@H](C(O)=O)CCCCN,H2O,O=C([C@@H](NC(CN)=O)CCCC[NH3+])NCC(O)=O,0.344006605,207,10.9
1GB1,ASP,A,36,3.8,4.01,OC(C[C@H](N)C(O)=O)=O,H2O,OC(C[C@@H](C(NCC(O)=O)=O)NC(CN)=O)=O,0.296269336,276,3.8
1GB1,ASP,A,40,4,3.92,OC(C[C@H](N)C(O)=O)=O,H2O,OC(C[C@@H](C(NCC(O)=O)=O)NC(CN)=O)=O,0.296269336,303,4
1GB1,GLU,A,42,4.4,4.55,N[C@H](C(O)=O)CCC(O)=O,H2O,O=C(NCC(O)=O)[C@H](CCC(O)=O)NC(CN)=O,0.296267722,316,4.4
1GB1,ASP,A,46,3.6,3.69,OC(C[C@H](N)C(O)=O)=O,H2O,OC(C[C@@H](C(NCC(O)=O)=O)NC(CN)=O)=O,0.296269336,357,3.6
1GB1,ASP,A,47,3.4,3.8,OC(C[C@H](N)C(O)=O)=O,H2O,OC(C[C@@H](C(NCC(O)=O)=O)NC(CN)=O)=O,0.296269336,365,3.4
1GB1,GLU,A,56,4,4.47,N[C@H](C(O)=O)CCC(O)=O,H2O,O=C(NCC(O)=O)[C@H](CCC(O)=O)NC(CN)=O,0.296267722,434,4
1GOA,GLU,A,6,4.5,3.77,N[C@H](C(O)=O)CCC(O)=O,H2O,O=C(NCC(O)=O)[C@H](CCC(O)=O)NC(CN)=O,0.296267722,49,4.5
1GOA,ASP,A,10,6.1,3.37,OC(C[C@H](N)C(O)=O)=O,H2O,OC(C[C@@H](C(NCC(O)=O)=O)NC(CN)=O)=O,0.296269336,83,6.1
1GOA,GLU,A,32,3.6,3.57,N[C@H](C(O)=O)CCC(O)=O,H2O,O=C(NCC(O)=O)[C@H](CCC(O)=O)NC(CN)=O,0.296267722,240,3.6
1GOA,GLU,A,48,4.4,3.55,N[C@H](C(O)=O)CCC(O)=O,H2O,O=C(NCC(O)=O)[C@H](CCC(O)=O)NC(CN)=O,0.296267722,370,4.4
1GOA,GLU,A,57,3.2,3.71,N[C@H](C(O)=O)CCC(O)=O,H2O,O=C(NCC(O)=O)[C@H](CCC(O)=O)NC(CN)=O,0.296267722,433,3.2
1GOA,GLU,A,61,3.9,4.05,N[C@H](C(O)=O)CCC(O)=O,H2O,O=C(NCC(O)=O)[C@H](CCC(O)=O)NC(CN)=O,0.296267722,464,3.9
1GOA,HIS,A,62,7,6.49,N[C@H](C(O)=O)CC1=CNC=N1,H2O,O=C([C@@H](NC(CN)=O)CC1=CNC=[NH+]1)NCC(O)=O,0.311248158,471,7
1GOA,GLU,A,64,4.4,4.27,N[C@H](C(O)=O)CCC(O)=O,H2O,O=C(NCC(O)=O)[C@H](CCC(O)=O)NC(CN)=O,0.296267722,489,4.4
1GOA,ASP,A,70,2.6,3.29,OC(C[C@H](N)C(O)=O)=O,H2O,OC(C[C@@H](C(NCC(O)=O)=O)NC(CN)=O)=O,0.296269336,533,2.6
1GOA,HIS,A,83,5.5,6.12,N[C@H](C(O)=O)CC1=CNC=N1,H2O,O=C([C@@H](NC(CN)=O)CC1=CNC=[NH+]1)NCC(O)=O,0.311248158,648,5.5
1GOA,ASP,A,94,3.2,3.18,OC(C[C@H](N)C(O)=O)=O,H2O,OC(C[C@@H](C(NCC(O)=O)=O)NC(CN)=O)=O,0.296269336,749,3.2
1GOA,ASP,A,102,2,2.28,OC(C[C@H](N)C(O)=O)=O,H2O,OC(C[C@@H](C(NCC(O)=O)=O)NC(CN)=O)=O,0.296269336,813,2
1GOA,ASP,A,108,3.2,2.84,OC(C[C@H](N)C(O)=O)=O,H2O,OC(C[C@@H](C(NCC(O)=O)=O)NC(CN)=O)=O,0.296269336,871,3.2
1GOA,HIS,A,114,5,6.53,N[C@H](C(O)=O)CC1=CNC=N1,H2O,O=C([C@@H](NC(CN)=O)CC1=CNC=[NH+]1)NCC(O)=O,0.311248158,909,5
1GOA,GLU,A,119,4.1,3.94,N[C@H](C(O)=O)CCC(O)=O,H2O,O=C(NCC(O)=O)[C@H](CCC(O)=O)NC(CN)=O,0.296267722,961,4.1
1GOA,HIS,A,124,7.1,7.23,N[C@H](C(O)=O)CC1=CNC=N1,H2O,O=C([C@@H](NC(CN)=O)CC1=CNC=[NH+]1)NCC(O)=O,0.311248158,1002,7.1
1GOA,HIS,A,127,7.9,6.91,N[C@H](C(O)=O)CC1=CNC=N1,H2O,O=C([C@@H](NC(CN)=O)CC1=CNC=[NH+]1)NCC(O)=O,0.311248158,1021,7.9
1GOA,GLU,A,129,3.6,3.78,N[C@H](C(O)=O)CCC(O)=O,H2O,O=C(NCC(O)=O)[C@H](CCC(O)=O)NC(CN)=O,0.296267722,1040,3.6
1GOA,GLU,A,131,4.3,4.38,N[C@H](C(O)=O)CCC(O)=O,H2O,O=C(NCC(O)=O)[C@H](CCC(O)=O)NC(CN)=O,0.296267722,1057,4.3
1GOA,ASP,A,134,4.3,3.36,OC(C[C@H](N)C(O)=O)=O,H2O,OC(C[C@@H](C(NCC(O)=O)=O)NC(CN)=O)=O,0.296269336,1082,4.3
1GOA,GLU,A,135,4.3,4.47,N[C@H](C(O)=O)CCC(O)=O,H2O,O=C(NCC(O)=O)[C@H](CCC(O)=O)NC(CN)=O,0.296267722,1091,4.3
1GOA,GLU,A,147,4.2,4.55,N[C@H](C(O)=O)CCC(O)=O,H2O,O=C(NCC(O)=O)[C@H](CCC(O)=O)NC(CN)=O,0.296267722,1177,4.2
1GOA,ASP,A,148,2,2.48,OC(C[C@H](N)C(O)=O)=O,H2O,OC(C[C@@H](C(NCC(O)=O)=O)NC(CN)=O)=O,0.296269336,1185,2
1GOA,GLU,A,154,4.4,4.36,N[C@H](C(O)=O)CCC(O)=O,H2O,O=C(NCC(O)=O)[C@H](CCC(O)=O)NC(CN)=O,0.296267722,1233,4.4
1H4G,ASP,B,5,3.84,3.82,OC(C[C@H](N)C(O)=O)=O,H2O,OC(C[C@@H](C(NCC(O)=O)=O)NC(CN)=O)=O,0.296269336,1665,3.84
1H4G,HIS,B,11,6.4,6.32,N[C@H](C(O)=O)CC1=CNC=N1,H2O,O=C([C@@H](NC(CN)=O)CC1=CNC=[NH+]1)NCC(O)=O,0.311248158,1706,6.4
1H4G,ASP,B,12,3.94,3.22,OC(C[C@H](N)C(O)=O)=O,H2O,OC(C[C@@H](C(NCC(O)=O)=O)NC(CN)=O)=O,0.296269336,1717,3.94
1H4G,ASP,B,15,3.35,3.08,OC(C[C@H](N)C(O)=O)=O,H2O,OC(C[C@@H](C(NCC(O)=O)=O)NC(CN)=O)=O,0.296269336,1741,3.35
1H4G,GLU,B,17,4.31,3.87,N[C@H](C(O)=O)CCC(O)=O,H2O,O=C(NCC(O)=O)[C@H](CCC(O)=O)NC(CN)=O,0.296267722,1762,4.31
1H4G,ASP,B,21,3.46,3.19,OC(C[C@H](N)C(O)=O)=O,H2O,OC(C[C@@H](C(NCC(O)=O)=O)NC(CN)=O)=O,0.296269336,1804,3.46
1H4G,HIS,B,32,6.7,6.47,N[C@H](C(O)=O)CC1=CNC=N1,H2O,O=C([C@@H](NC(CN)=O)CC1=CNC=[NH+]1)NCC(O)=O,0.311248158,1874,6.7
1H4G,GLU,B,56,3.94,3.75,N[C@H](C(O)=O)CCC(O)=O,H2O,O=C(NCC(O)=O)[C@H](CCC(O)=O)NC(CN)=O,0.296267722,2073,3.94
1H4G,HIS,B,60,4,6.58,N[C@H](C(O)=O)CC1=CNC=N1,H2O,O=C([C@@H](NC(CN)=O)CC1=CNC=[NH+]1)NCC(O)=O,0.311248158,2103,4
1H4G,ASP,B,90,3.88,3.66,OC(C[C@H](N)C(O)=O)=O,H2O,OC(C[C@@H](C(NCC(O)=O)=O)NC(CN)=O)=O,0.296269336,2339,3.88
1H4G,ASP,B,99,2.7,2.29,OC(C[C@H](N)C(O)=O)=O,H2O,OC(C[C@@H](C(NCC(O)=O)=O)NC(CN)=O)=O,0.296269336,2417,2.7
1H4G,ASP,B,118,2.7,2.5,OC(C[C@H](N)C(O)=O)=O,H2O,OC(C[C@@H](C(NCC(O)=O)=O)NC(CN)=O)=O,0.296269336,2561,2.7
1H4G,ASP,B,123,2.7,2.45,OC(C[C@H](N)C(O)=O)=O,H2O,OC(C[C@@H](C(NCC(O)=O)=O)NC(CN)=O)=O,0.296269336,2596,2.7
1H4G,GLU,B,126,4.51,3.98,N[C@H](C(O)=O)CCC(O)=O,H2O,O=C(NCC(O)=O)[C@H](CCC(O)=O)NC(CN)=O,0.296267722,2625,4.51
1H4G,HIS,B,162,2.7,6.22,N[C@H](C(O)=O)CC1=CNC=N1,H2O,O=C([C@@H](NC(CN)=O)CC1=CNC=[NH+]1)NCC(O)=O,0.311248158,2911,2.7
1H4G,GLU,B,167,3.58,3.49,N[C@H](C(O)=O)CCC(O)=O,H2O,O=C(NCC(O)=O)[C@H](CCC(O)=O)NC(CN)=O,0.296267722,2964,3.58
1H4G,GLU,B,178,4.1,2.47,N[C@H](C(O)=O)CCC(O)=O,H2O,O=C(NCC(O)=O)[C@H](CCC(O)=O)NC(CN)=O,0.296267722,3050,4.1
1H4G,GLU,B,184,6.5,4.27,N[C@H](C(O)=O)CCC(O)=O,H2O,O=C(NCC(O)=O)[C@H](CCC(O)=O)NC(CN)=O,0.296267722,3093,6.5
1I0V,ASP,A,3,3.54,3.57,OC(C[C@H](N)C(O)=O)=O,H2O,OC(C[C@@H](C(NCC(O)=O)=O)NC(CN)=O)=O,0.296269336,18,3.54
1I0V,ASP,A,15,3.52,3.79,OC(C[C@H](N)C(O)=O)=O,H2O,OC(C[C@@H](C(NCC(O)=O)=O)NC(CN)=O)=O,0.296269336,105,3.52
1I0V,HIS,A,27,7,7.71,N[C@H](C(O)=O)CC1=CNC=N1,H2O,O=C([C@@H](NC(CN)=O)CC1=CNC=[NH+]1)NCC(O)=O,0.311248158,186,7
1I0V,GLU,A,28,5.61,4.77,N[C@H](C(O)=O)CCC(O)=O,H2O,O=C(NCC(O)=O)[C@H](CCC(O)=O)NC(CN)=O,0.296267722,198,5.61
1I0V,ASP,A,29,4.26,4.02,OC(C[C@H](N)C(O)=O)=O,H2O,OC(C[C@@H](C(NCC(O)=O)=O)NC(CN)=O)=O,0.296269336,206,4.26
1I0V,GLU,A,31,5.36,4.78,N[C@H](C(O)=O)CCC(O)=O,H2O,O=C(NCC(O)=O)[C@H](CCC(O)=O)NC(CN)=O,0.296267722,219,5.36
1I0V,HIS,A,40,7.7,6.83,N[C@H](C(O)=O)CC1=CNC=N1,H2O,O=C([C@@H](NC(CN)=O)CC1=CNC=[NH+]1)NCC(O)=O,0.311248158,283,7.7
1I0V,GLU,A,46,3.62,3.98,N[C@H](C(O)=O)CCC(O)=O,H2O,O=C(NCC(O)=O)[C@H](CCC(O)=O)NC(CN)=O,0.296267722,342,3.62
1I0V,GLU,A,58,3.96,3.3,N[C@H](C(O)=O)CCC(O)=O,H2O,O=C(NCC(O)=O)[C@H](CCC(O)=O)NC(CN)=O,0.296267722,439,3.96
1I0V,ASP,A,66,3.9,3.95,OC(C[C@H](N)C(O)=O)=O,H2O,OC(C[C@@H](C(NCC(O)=O)=O)NC(CN)=O)=O,0.296269336,500,3.9
1I0V,ASP,A,76,0.5,3.27,OC(C[C@H](N)C(O)=O)=O,H2O,OC(C[C@@H](C(NCC(O)=O)=O)NC(CN)=O)=O,0.296269336,563,0.5
1I0V,GLU,A,82,3.27,3.84,N[C@H](C(O)=O)CCC(O)=O,H2O,O=C(NCC(O)=O)[C@H](CCC(O)=O)NC(CN)=O,0.296267722,616,3.27
1I0V,HIS,A,92,7.3,6.59,N[C@H](C(O)=O)CC1=CNC=N1,H2O,O=C([C@@H](NC(CN)=O)CC1=CNC=[NH+]1)NCC(O)=O,0.311248158,687,7.3
1I0V,GLU,A,102,5.3,4.68,N[C@H](C(O)=O)CCC(O)=O,H2O,O=C(NCC(O)=O)[C@H](CCC(O)=O)NC(CN)=O,0.296267722,756,5.3
1IG5,LYS,A,1,10.6,11.34,N[C@H](C(O)=O)CCCCN,H2O,O=C([C@@H](NC(CN)=O)CCCC[NH3+])NCC(O)=O,0.344006605,8,10.6
1IG5,GLU,A,4,3.8,4.16,N[C@H](C(O)=O)CCC(O)=O,H2O,O=C(NCC(O)=O)[C@H](CCC(O)=O)NC(CN)=O,0.296267722,30,3.8
1IG5,GLU,A,5,3.4,4.17,N[C@H](C(O)=O)CCC(O)=O,H2O,O=C(NCC(O)=O)[C@H](CCC(O)=O)NC(CN)=O,0.296267722,39,3.4
1IG5,LYS,A,7,11.39,11.39,N[C@H](C(O)=O)CCCCN,H2O,O=C([C@@H](NC(CN)=O)CCCC[NH3+])NCC(O)=O,0.344006605,56,11.39
1IG5,GLU,A,11,4.7,4.49,N[C@H](C(O)=O)CCC(O)=O,H2O,O=C(NCC(O)=O)[C@H](CCC(O)=O)NC(CN)=O,0.296267722,88,4.7
1IG5,LYS,A,12,11.06,11.45,N[C@H](C(O)=O)CCCCN,H2O,O=C([C@@H](NC(CN)=O)CCCC[NH3+])NCC(O)=O,0.344006605,97,11.06
1IG5,LYS,A,16,10.7,11.28,N[C@H](C(O)=O)CCCCN,H2O,O=C([C@@H](NC(CN)=O)CCCC[NH3+])NCC(O)=O,0.344006605,128,10.7
1IG5,GLU,A,17,3.62,4.82,N[C@H](C(O)=O)CCC(O)=O,H2O,O=C(NCC(O)=O)[C@H](CCC(O)=O)NC(CN)=O,0.296267722,137,3.62
1IG5,LYS,A,25,11.69,11.96,N[C@H](C(O)=O)CCCCN,H2O,O=C([C@@H](NC(CN)=O)CCCC[NH3+])NCC(O)=O,0.344006605,196,11.69
1IG5,GLU,A,26,4.1,4.41,N[C@H](C(O)=O)CCC(O)=O,H2O,O=C(NCC(O)=O)[C@H](CCC(O)=O)NC(CN)=O,0.296267722,205,4.1
1IG5,LYS,A,29,11.37,11.1,N[C@H](C(O)=O)CCCCN,H2O,O=C([C@@H](NC(CN)=O)CCCC[NH3+])NCC(O)=O,0.344006605,231,11.37
1IG5,LYS,A,41,10.93,10.83,N[C@H](C(O)=O)CCCCN,H2O,O=C([C@@H](NC(CN)=O)CCCC[NH3+])NCC(O)=O,0.344006605,329,10.93
1IG5,ASP,A,47,3,3.03,OC(C[C@H](N)C(O)=O)=O,H2O,OC(C[C@@H](C(NCC(O)=O)=O)NC(CN)=O)=O,0.296269336,369,3
1IG5,GLU,A,48,4.6,4.51,N[C@H](C(O)=O)CCC(O)=O,H2O,O=C(NCC(O)=O)[C@H](CCC(O)=O)NC(CN)=O,0.296267722,378,4.6
1IG5,LYS,A,55,12.12,11.7,N[C@H](C(O)=O)CCCCN,H2O,O=C([C@@H](NC(CN)=O)CCCC[NH3+])NCC(O)=O,0.344006605,436,12.12
1IG5,GLU,A,64,3.8,4.09,N[C@H](C(O)=O)CCC(O)=O,H2O,O=C(NCC(O)=O)[C@H](CCC(O)=O)NC(CN)=O,0.296267722,502,3.8
1IG5,LYS,A,71,10.73,10.71,N[C@H](C(O)=O)CCCCN,H2O,O=C([C@@H](NC(CN)=O)CCCC[NH3+])NCC(O)=O,0.344006605,562,10.73
1IG5,LYS,A,72,11.33,11,N[C@H](C(O)=O)CCCCN,H2O,O=C([C@@H](NC(CN)=O)CCCC[NH3+])NCC(O)=O,0.344006605,571,11.33
1IGD,GLU,A,20,4.3,4.18,N[C@H](C(O)=O)CCC(O)=O,H2O,O=C(NCC(O)=O)[C@H](CCC(O)=O)NC(CN)=O,0.296267722,149,4.3
1IGD,ASP,A,27,2.9,3.07,OC(C[C@H](N)C(O)=O)=O,H2O,OC(C[C@@H](C(NCC(O)=O)=O)NC(CN)=O)=O,0.296269336,199,2.9
1IGD,GLU,A,29,4.2,4.28,N[C@H](C(O)=O)CCC(O)=O,H2O,O=C(NCC(O)=O)[C@H](CCC(O)=O)NC(CN)=O,0.296267722,213,4.2
1IGD,GLU,A,32,4.6,4.23,N[C@H](C(O)=O)CCC(O)=O,H2O,O=C(NCC(O)=O)[C@H](CCC(O)=O)NC(CN)=O,0.296267722,234,4.6
1IGD,ASP,A,41,3.9,3.87,OC(C[C@H](N)C(O)=O)=O,H2O,OC(C[C@@H](C(NCC(O)=O)=O)NC(CN)=O)=O,0.296269336,310,3.9
1IGD,ASP,A,45,4.4,4.01,OC(C[C@H](N)C(O)=O)=O,H2O,OC(C[C@@H](C(NCC(O)=O)=O)NC(CN)=O)=O,0.296269336,337,4.4
1IGD,ASP,A,51,3.6,3.54,OC(C[C@H](N)C(O)=O)=O,H2O,OC(C[C@@H](C(NCC(O)=O)=O)NC(CN)=O)=O,0.296269336,389,3.6
1IGD,ASP,A,52,3.4,3.24,OC(C[C@H](N)C(O)=O)=O,H2O,OC(C[C@@H](C(NCC(O)=O)=O)NC(CN)=O)=O,0.296269336,397,3.4
1IGD,GLU,A,61,4.2,3.91,N[C@H](C(O)=O)CCC(O)=O,H2O,O=C(NCC(O)=O)[C@H](CCC(O)=O)NC(CN)=O,0.296267722,466,4.2
1IGV,LYS,A,1,10.6,11.45,N[C@H](C(O)=O)CCCCN,H2O,O=C([C@@H](NC(CN)=O)CCCC[NH3+])NCC(O)=O,0.344006605,8,10.6
1IGV,GLU,A,4,3.8,4.07,N[C@H](C(O)=O)CCC(O)=O,H2O,O=C(NCC(O)=O)[C@H](CCC(O)=O)NC(CN)=O,0.296267722,30,3.8
1IGV,GLU,A,5,3.4,4.08,N[C@H](C(O)=O)CCC(O)=O,H2O,O=C(NCC(O)=O)[C@H](CCC(O)=O)NC(CN)=O,0.296267722,39,3.4
1IGV,LYS,A,7,11.39,11.46,N[C@H](C(O)=O)CCCCN,H2O,O=C([C@@H](NC(CN)=O)CCCC[NH3+])NCC(O)=O,0.344006605,56,11.39
1IGV,GLU,A,11,4.7,4.46,N[C@H](C(O)=O)CCC(O)=O,H2O,O=C(NCC(O)=O)[C@H](CCC(O)=O)NC(CN)=O,0.296267722,88,4.7
1IGV,LYS,A,12,11.06,11.25,N[C@H](C(O)=O)CCCCN,H2O,O=C([C@@H](NC(CN)=O)CCCC[NH3+])NCC(O)=O,0.344006605,97,11.06
1IGV,LYS,A,16,10.7,11.27,N[C@H](C(O)=O)CCCCN,H2O,O=C([C@@H](NC(CN)=O)CCCC[NH3+])NCC(O)=O,0.344006605,128,10.7
1IGV,GLU,A,17,3.62,4.83,N[C@H](C(O)=O)CCC(O)=O,H2O,O=C(NCC(O)=O)[C@H](CCC(O)=O)NC(CN)=O,0.296267722,137,3.62
1IGV,LYS,A,25,11.69,11.93,N[C@H](C(O)=O)CCCCN,H2O,O=C([C@@H](NC(CN)=O)CCCC[NH3+])NCC(O)=O,0.344006605,196,11.69
1IGV,GLU,A,26,4.1,4.41,N[C@H](C(O)=O)CCC(O)=O,H2O,O=C(NCC(O)=O)[C@H](CCC(O)=O)NC(CN)=O,0.296267722,205,4.1
1IGV,LYS,A,29,11.37,11.12,N[C@H](C(O)=O)CCCCN,H2O,O=C([C@@H](NC(CN)=O)CCCC[NH3+])NCC(O)=O,0.344006605,231,11.37
1IGV,LYS,A,41,10.93,10.83,N[C@H](C(O)=O)CCCCN,H2O,O=C([C@@H](NC(CN)=O)CCCC[NH3+])NCC(O)=O,0.344006605,329,10.93
1IGV,ASP,A,47,3,3.13,OC(C[C@H](N)C(O)=O)=O,H2O,OC(C[C@@H](C(NCC(O)=O)=O)NC(CN)=O)=O,0.296269336,369,3
1IGV,GLU,A,48,4.6,4.53,N[C@H](C(O)=O)CCC(O)=O,H2O,O=C(NCC(O)=O)[C@H](CCC(O)=O)NC(CN)=O,0.296267722,378,4.6
1IGV,LYS,A,55,12.12,11.72,N[C@H](C(O)=O)CCCCN,H2O,O=C([C@@H](NC(CN)=O)CCCC[NH3+])NCC(O)=O,0.344006605,436,12.12
1IGV,GLU,A,64,3.8,4.08,N[C@H](C(O)=O)CCC(O)=O,H2O,O=C(NCC(O)=O)[C@H](CCC(O)=O)NC(CN)=O,0.296267722,502,3.8
1IGV,LYS,A,71,10.73,10.74,N[C@H](C(O)=O)CCCCN,H2O,O=C([C@@H](NC(CN)=O)CCCC[NH3+])NCC(O)=O,0.344006605,562,10.73
1IGV,LYS,A,72,11.33,11,N[C@H](C(O)=O)CCCCN,H2O,O=C([C@@H](NC(CN)=O)CCCC[NH3+])NCC(O)=O,0.344006605,571,11.33
1JV8,ASP,A,3,3.55,3.74,OC(C[C@H](N)C(O)=O)=O,H2O,OC(C[C@@H](C(NCC(O)=O)=O)NC(CN)=O)=O,0.296269336,25,3.55
1JV8,GLU,A,7,3.85,4.09,N[C@H](C(O)=O)CCC(O)=O,H2O,O=C(NCC(O)=O)[C@H](CCC(O)=O)NC(CN)=O,0.296267722,59,3.85
1JV8,LYS,A,15,10.43,10.62,N[C@H](C(O)=O)CCCCN,H2O,O=C([C@@H](NC(CN)=O)CCCC[NH3+])NCC(O)=O,0.344006605,118,10.43
1JV8,LYS,A,26,10.44,10.77,N[C@H](C(O)=O)CCCCN,H2O,O=C([C@@H](NC(CN)=O)CCCC[NH3+])NCC(O)=O,0.344006605,218,10.44
1JV8,LYS,A,41,10.75,10.83,N[C@H](C(O)=O)CCCCN,H2O,O=C([C@@H](NC(CN)=O)CCCC[NH3+])NCC(O)=O,0.344006605,327,10.75
1JV8,LYS,A,46,10.35,10.33,N[C@H](C(O)=O)CCCCN,H2O,O=C([C@@H](NC(CN)=O)CCCC[NH3+])NCC(O)=O,0.344006605,374,10.35
1JV8,GLU,A,49,3.91,4.28,N[C@H](C(O)=O)CCC(O)=O,H2O,O=C(NCC(O)=O)[C@H](CCC(O)=O)NC(CN)=O,0.296267722,394,3.91
1JV8,ASP,A,50,3.2,3.52,OC(C[C@H](N)C(O)=O)=O,H2O,OC(C[C@@H](C(NCC(O)=O)=O)NC(CN)=O)=O,0.296269336,402,3.2
1KF3,GLU,A,2,2.8,3.03,N[C@H](C(O)=O)CCC(O)=O,H2O,O=C(NCC(O)=O)[C@H](CCC(O)=O)NC(CN)=O,0.296267722,17,2.8
1KF3,GLU,A,9,4,4.26,N[C@H](C(O)=O)CCC(O)=O,H2O,O=C(NCC(O)=O)[C@H](CCC(O)=O)NC(CN)=O,0.296267722,68,4
1KF3,HIS,A,12,5.8,5.65,N[C@H](C(O)=O)CC1=CNC=N1,H2O,O=C([C@@H](NC(CN)=O)CC1=CNC=[NH+]1)NCC(O)=O,0.311248158,95,5.8
1KF3,ASP,A,38,3.5,3.03,OC(C[C@H](N)C(O)=O)=O,H2O,OC(C[C@@H](C(NCC(O)=O)=O)NC(CN)=O)=O,0.296269336,292,3.5
1KF3,GLU,A,49,4.7,4.48,N[C@H](C(O)=O)CCC(O)=O,H2O,O=C(NCC(O)=O)[C@H](CCC(O)=O)NC(CN)=O,0.296267722,384,4.7
1KF3,ASP,A,53,3.9,3.81,OC(C[C@H](N)C(O)=O)=O,H2O,OC(C[C@@H](C(NCC(O)=O)=O)NC(CN)=O)=O,0.296269336,411,3.9
1KF3,ASP,A,83,3.5,2.96,OC(C[C@H](N)C(O)=O)=O,H2O,OC(C[C@@H](C(NCC(O)=O)=O)NC(CN)=O)=O,0.296269336,635,3.5
1KF3,GLU,A,86,4.1,4.32,N[C@H](C(O)=O)CCC(O)=O,H2O,O=C(NCC(O)=O)[C@H](CCC(O)=O)NC(CN)=O,0.296267722,661,4.1
1KF3,HIS,A,105,6.6,6.3,N[C@H](C(O)=O)CC1=CNC=N1,H2O,O=C([C@@H](NC(CN)=O)CC1=CNC=[NH+]1)NCC(O)=O,0.311248158,804,6.6
1KF3,GLU,A,111,3.5,4.26,N[C@H](C(O)=O)CCC(O)=O,H2O,O=C(NCC(O)=O)[C@H](CCC(O)=O)NC(CN)=O,0.296267722,850,3.5
1KF3,HIS,A,119,6.1,6.7,N[C@H](C(O)=O)CC1=CNC=N1,H2O,O=C([C@@H](NC(CN)=O)CC1=CNC=[NH+]1)NCC(O)=O,0.311248158,909,6.1
1KF3,ASP,A,121,3.1,2.79,OC(C[C@H](N)C(O)=O)=O,H2O,OC(C[C@@H](C(NCC(O)=O)=O)NC(CN)=O)=O,0.296269336,931,3.1
1KXI,GLU,A,17,4,4.48,N[C@H](C(O)=O)CCC(O)=O,H2O,O=C(NCC(O)=O)[C@H](CCC(O)=O)NC(CN)=O,0.296267722,140,4
1KXI,ASP,A,42,3.2,3.18,OC(C[C@H](N)C(O)=O)=O,H2O,OC(C[C@@H](C(NCC(O)=O)=O)NC(CN)=O)=O,0.296269336,336,3.2
1KXI,ASP,A,59,2.3,3.21,OC(C[C@H](N)C(O)=O)=O,H2O,OC(C[C@@H](C(NCC(O)=O)=O)NC(CN)=O)=O,0.296269336,462,2.3
1LNI,ASP,A,1,3.44,4.05,OC(C[C@H](N)C(O)=O)=O,H2O,OC(C[C@@H](C(NCC(O)=O)=O)NC(CN)=O)=O,0.296269336,7,3.44
1LNI,GLU,A,14,5.05,4.1,N[C@H](C(O)=O)CCC(O)=O,H2O,O=C(NCC(O)=O)[C@H](CCC(O)=O)NC(CN)=O,0.296267722,94,5.05
1LNI,ASP,A,17,3.72,3.79,OC(C[C@H](N)C(O)=O)=O,H2O,OC(C[C@@H](C(NCC(O)=O)=O)NC(CN)=O)=O,0.296269336,114,3.72
1LNI,ASP,A,25,4.87,4.21,OC(C[C@H](N)C(O)=O)=O,H2O,OC(C[C@@H](C(NCC(O)=O)=O)NC(CN)=O)=O,0.296269336,172,4.87
1LNI,ASP,A,33,2.39,2.98,OC(C[C@H](N)C(O)=O)=O,H2O,OC(C[C@@H](C(NCC(O)=O)=O)NC(CN)=O)=O,0.296269336,236,2.39
1LNI,GLU,A,41,4.14,4.21,N[C@H](C(O)=O)CCC(O)=O,H2O,O=C(NCC(O)=O)[C@H](CCC(O)=O)NC(CN)=O,0.296267722,302,4.14
1LNI,HIS,A,53,8.27,7.01,N[C@H](C(O)=O)CC1=CNC=N1,H2O,O=C([C@@H](NC(CN)=O)CC1=CNC=[NH+]1)NCC(O)=O,0.311248158,399,8.27
1LNI,GLU,A,74,3.47,4.69,N[C@H](C(O)=O)CCC(O)=O,H2O,O=C(NCC(O)=O)[C@H](CCC(O)=O)NC(CN)=O,0.296267722,566,3.47
1LNI,GLU,A,78,3.13,4.45,N[C@H](C(O)=O)CCC(O)=O,H2O,O=C(NCC(O)=O)[C@H](CCC(O)=O)NC(CN)=O,0.296267722,596,3.13
1LNI,ASP,A,79,7.37,4.07,OC(C[C@H](N)C(O)=O)=O,H2O,OC(C[C@@H](C(NCC(O)=O)=O)NC(CN)=O)=O,0.296269336,604,7.37
1LNI,ASP,A,84,3.01,3.65,OC(C[C@H](N)C(O)=O)=O,H2O,OC(C[C@@H](C(NCC(O)=O)=O)NC(CN)=O)=O,0.296269336,647,3.01
1LNI,HIS,A,85,6.35,6.15,N[C@H](C(O)=O)CC1=CNC=N1,H2O,O=C([C@@H](NC(CN)=O)CC1=CNC=[NH+]1)NCC(O)=O,0.311248158,654,6.35
1LNI,ASP,A,93,3.09,3.99,OC(C[C@H](N)C(O)=O)=O,H2O,OC(C[C@@H](C(NCC(O)=O)=O)NC(CN)=O)=O,0.296269336,722,3.09
1LSE,LYS,A,1,10.8,11.24,N[C@H](C(O)=O)CCCCN,H2O,O=C([C@@H](NC(CN)=O)CCCC[NH3+])NCC(O)=O,0.344006605,8,10.8
1LSE,GLU,A,7,2.85,3.63,N[C@H](C(O)=O)CCC(O)=O,H2O,O=C(NCC(O)=O)[C@H](CCC(O)=O)NC(CN)=O,0.296267722,56,2.85
1LSE,LYS,A,13,10.5,10.54,N[C@H](C(O)=O)CCCCN,H2O,O=C([C@@H](NC(CN)=O)CCCC[NH3+])NCC(O)=O,0.344006605,96,10.5
1LSE,ASP,A,18,2.66,3,OC(C[C@H](N)C(O)=O)=O,H2O,OC(C[C@@H](C(NCC(O)=O)=O)NC(CN)=O)=O,0.296269336,137,2.66
1LSE,LYS,A,33,10.4,10.44,N[C@H](C(O)=O)CCCCN,H2O,O=C([C@@H](NC(CN)=O)CCCC[NH3+])NCC(O)=O,0.344006605,256,10.4
1LSE,GLU,A,35,6.2,4.28,N[C@H](C(O)=O)CCC(O)=O,H2O,O=C(NCC(O)=O)[C@H](CCC(O)=O)NC(CN)=O,0.296267722,276,6.2
1LSE,ASP,A,48,1.6,3.7,OC(C[C@H](N)C(O)=O)=O,H2O,OC(C[C@@H](C(NCC(O)=O)=O)NC(CN)=O)=O,0.296269336,379,1.6
1LSE,ASP,A,52,3.68,3.44,OC(C[C@H](N)C(O)=O)=O,H2O,OC(C[C@@H](C(NCC(O)=O)=O)NC(CN)=O)=O,0.296269336,404,3.68
1LSE,ASP,A,66,0.9,2.67,OC(C[C@H](N)C(O)=O)=O,H2O,OC(C[C@@H](C(NCC(O)=O)=O)NC(CN)=O)=O,0.296269336,528,0.9
1LSE,ASP,A,87,2.07,2.71,OC(C[C@H](N)C(O)=O)=O,H2O,OC(C[C@@H](C(NCC(O)=O)=O)NC(CN)=O)=O,0.296269336,676,2.07
1LSE,LYS,A,96,10.8,11.02,N[C@H](C(O)=O)CCCCN,H2O,O=C([C@@H](NC(CN)=O)CCCC[NH3+])NCC(O)=O,0.344006605,737,10.8
1LSE,LYS,A,97,10.3,10.86,N[C@H](C(O)=O)CCCCN,H2O,O=C([C@@H](NC(CN)=O)CCCC[NH3+])NCC(O)=O,0.344006605,746,10.3
1LSE,ASP,A,101,4.08,3.76,OC(C[C@H](N)C(O)=O)=O,H2O,OC(C[C@@H](C(NCC(O)=O)=O)NC(CN)=O)=O,0.296269336,775,4.08
1LSE,LYS,A,116,10.2,10.28,N[C@H](C(O)=O)CCCCN,H2O,O=C([C@@H](NC(CN)=O)CCCC[NH3+])NCC(O)=O,0.344006605,897,10.2
1LSE,ASP,A,119,3.2,3.34,OC(C[C@H](N)C(O)=O)=O,H2O,OC(C[C@@H](C(NCC(O)=O)=O)NC(CN)=O)=O,0.296269336,916,3.2
1LYS,LYS,A,1,10.8,11.32,N[C@H](C(O)=O)CCCCN,H2O,O=C([C@@H](NC(CN)=O)CCCC[NH3+])NCC(O)=O,0.344006605,8,10.8
1LYS,GLU,A,7,2.85,3.71,N[C@H](C(O)=O)CCC(O)=O,H2O,O=C(NCC(O)=O)[C@H](CCC(O)=O)NC(CN)=O,0.296267722,56,2.85
1LYS,LYS,A,13,10.5,10.5,N[C@H](C(O)=O)CCCCN,H2O,O=C([C@@H](NC(CN)=O)CCCC[NH3+])NCC(O)=O,0.344006605,96,10.5
1LYS,ASP,A,18,2.66,3.16,OC(C[C@H](N)C(O)=O)=O,H2O,OC(C[C@@H](C(NCC(O)=O)=O)NC(CN)=O)=O,0.296269336,137,2.66
1LYS,LYS,A,33,10.4,10.67,N[C@H](C(O)=O)CCCCN,H2O,O=C([C@@H](NC(CN)=O)CCCC[NH3+])NCC(O)=O,0.344006605,256,10.4
1LYS,GLU,A,35,6.2,4.22,N[C@H](C(O)=O)CCC(O)=O,H2O,O=C(NCC(O)=O)[C@H](CCC(O)=O)NC(CN)=O,0.296267722,276,6.2
1LYS,ASP,A,48,1.6,3.52,OC(C[C@H](N)C(O)=O)=O,H2O,OC(C[C@@H](C(NCC(O)=O)=O)NC(CN)=O)=O,0.296269336,379,1.6
1LYS,ASP,A,52,3.68,3.66,OC(C[C@H](N)C(O)=O)=O,H2O,OC(C[C@@H](C(NCC(O)=O)=O)NC(CN)=O)=O,0.296269336,404,3.68
1LYS,ASP,A,66,0.9,2.69,OC(C[C@H](N)C(O)=O)=O,H2O,OC(C[C@@H](C(NCC(O)=O)=O)NC(CN)=O)=O,0.296269336,528,0.9
1LYS,ASP,A,87,2.07,3.24,OC(C[C@H](N)C(O)=O)=O,H2O,OC(C[C@@H](C(NCC(O)=O)=O)NC(CN)=O)=O,0.296269336,676,2.07
1LYS,LYS,A,96,10.8,10.97,N[C@H](C(O)=O)CCCCN,H2O,O=C([C@@H](NC(CN)=O)CCCC[NH3+])NCC(O)=O,0.344006605,737,10.8
1LYS,LYS,A,97,10.3,10.81,N[C@H](C(O)=O)CCCCN,H2O,O=C([C@@H](NC(CN)=O)CCCC[NH3+])NCC(O)=O,0.344006605,746,10.3
1LYS,ASP,A,101,4.08,3.81,OC(C[C@H](N)C(O)=O)=O,H2O,OC(C[C@@H](C(NCC(O)=O)=O)NC(CN)=O)=O,0.296269336,775,4.08
1LYS,LYS,A,116,10.2,10.33,N[C@H](C(O)=O)CCCCN,H2O,O=C([C@@H](NC(CN)=O)CCCC[NH3+])NCC(O)=O,0.344006605,897,10.2
1LYS,ASP,A,119,3.2,3.66,OC(C[C@H](N)C(O)=O)=O,H2O,OC(C[C@@H](C(NCC(O)=O)=O)NC(CN)=O)=O,0.296269336,916,3.2
1PGA,LYS,A,10,11,10.97,N[C@H](C(O)=O)CCCCN,H2O,O=C([C@@H](NC(CN)=O)CCCC[NH3+])NCC(O)=O,0.344006605,80,11
1PGA,LYS,A,13,11,11.37,N[C@H](C(O)=O)CCCCN,H2O,O=C([C@@H](NC(CN)=O)CCCC[NH3+])NCC(O)=O,0.344006605,104,11
1PGA,GLU,A,15,4.4,4.15,N[C@H](C(O)=O)CCC(O)=O,H2O,O=C(NCC(O)=O)[C@H](CCC(O)=O)NC(CN)=O,0.296267722,117,4.4
1PGA,GLU,A,19,3.7,4.66,N[C@H](C(O)=O)CCC(O)=O,H2O,O=C(NCC(O)=O)[C@H](CCC(O)=O)NC(CN)=O,0.296267722,147,3.7
1PGA,ASP,A,22,2.9,3.23,OC(C[C@H](N)C(O)=O)=O,H2O,OC(C[C@@H](C(NCC(O)=O)=O)NC(CN)=O)=O,0.296269336,167,2.9
1PGA,GLU,A,27,4.5,3.81,N[C@H](C(O)=O)CCC(O)=O,H2O,O=C(NCC(O)=O)[C@H](CCC(O)=O)NC(CN)=O,0.296267722,198,4.5
1PGA,LYS,A,28,10.9,11.51,N[C@H](C(O)=O)CCCCN,H2O,O=C([C@@H](NC(CN)=O)CCCC[NH3+])NCC(O)=O,0.344006605,207,10.9
1PGA,ASP,A,36,3.8,3.98,OC(C[C@H](N)C(O)=O)=O,H2O,OC(C[C@@H](C(NCC(O)=O)=O)NC(CN)=O)=O,0.296269336,276,3.8
1PGA,ASP,A,40,4,3.99,OC(C[C@H](N)C(O)=O)=O,H2O,OC(C[C@@H](C(NCC(O)=O)=O)NC(CN)=O)=O,0.296269336,303,4
1PGA,GLU,A,42,4.4,4.54,N[C@H](C(O)=O)CCC(O)=O,H2O,O=C(NCC(O)=O)[C@H](CCC(O)=O)NC(CN)=O,0.296267722,316,4.4
1PGA,ASP,A,46,3.6,3.68,OC(C[C@H](N)C(O)=O)=O,H2O,OC(C[C@@H](C(NCC(O)=O)=O)NC(CN)=O)=O,0.296269336,357,3.6
1PGA,ASP,A,47,3.4,3.02,OC(C[C@H](N)C(O)=O)=O,H2O,OC(C[C@@H](C(NCC(O)=O)=O)NC(CN)=O)=O,0.296269336,365,3.4
1PGA,GLU,A,56,4,3.82,N[C@H](C(O)=O)CCC(O)=O,H2O,O=C(NCC(O)=O)[C@H](CCC(O)=O)NC(CN)=O,0.296267722,434,4
1PGB,LYS,A,10,11,10.97,N[C@H](C(O)=O)CCCCN,H2O,O=C([C@@H](NC(CN)=O)CCCC[NH3+])NCC(O)=O,0.344006605,80,11
1PGB,LYS,A,13,11,11.34,N[C@H](C(O)=O)CCCCN,H2O,O=C([C@@H](NC(CN)=O)CCCC[NH3+])NCC(O)=O,0.344006605,104,11
1PGB,GLU,A,15,4.4,4.02,N[C@H](C(O)=O)CCC(O)=O,H2O,O=C(NCC(O)=O)[C@H](CCC(O)=O)NC(CN)=O,0.296267722,117,4.4
1PGB,GLU,A,19,3.7,4.64,N[C@H](C(O)=O)CCC(O)=O,H2O,O=C(NCC(O)=O)[C@H](CCC(O)=O)NC(CN)=O,0.296267722,147,3.7
1PGB,ASP,A,22,2.9,2.99,OC(C[C@H](N)C(O)=O)=O,H2O,OC(C[C@@H](C(NCC(O)=O)=O)NC(CN)=O)=O,0.296269336,167,2.9
1PGB,GLU,A,27,4.5,4.09,N[C@H](C(O)=O)CCC(O)=O,H2O,O=C(NCC(O)=O)[C@H](CCC(O)=O)NC(CN)=O,0.296267722,198,4.5
1PGB,LYS,A,28,10.9,10.98,N[C@H](C(O)=O)CCCCN,H2O,O=C([C@@H](NC(CN)=O)CCCC[NH3+])NCC(O)=O,0.344006605,207,10.9
1PGB,ASP,A,36,3.8,3.99,OC(C[C@H](N)C(O)=O)=O,H2O,OC(C[C@@H](C(NCC(O)=O)=O)NC(CN)=O)=O,0.296269336,276,3.8
1PGB,ASP,A,40,4,4.05,OC(C[C@H](N)C(O)=O)=O,H2O,OC(C[C@@H](C(NCC(O)=O)=O)NC(CN)=O)=O,0.296269336,303,4
1PGB,GLU,A,42,4.4,4.65,N[C@H](C(O)=O)CCC(O)=O,H2O,O=C(NCC(O)=O)[C@H](CCC(O)=O)NC(CN)=O,0.296267722,316,4.4
1PGB,ASP,A,46,3.6,3.56,OC(C[C@H](N)C(O)=O)=O,H2O,OC(C[C@@H](C(NCC(O)=O)=O)NC(CN)=O)=O,0.296269336,357,3.6
1PGB,ASP,A,47,3.4,3.46,OC(C[C@H](N)C(O)=O)=O,H2O,OC(C[C@@H](C(NCC(O)=O)=O)NC(CN)=O)=O,0.296269336,365,3.4
1PGB,GLU,A,56,4,3.92,N[C@H](C(O)=O)CCC(O)=O,H2O,O=C(NCC(O)=O)[C@H](CCC(O)=O)NC(CN)=O,0.296267722,434,4
1QH7,ASP,A,5,3.84,3.66,OC(C[C@H](N)C(O)=O)=O,H2O,OC(C[C@@H](C(NCC(O)=O)=O)NC(CN)=O)=O,0.296269336,37,3.84
1QH7,HIS,A,11,6.4,6.23,N[C@H](C(O)=O)CC1=CNC=N1,H2O,O=C([C@@H](NC(CN)=O)CC1=CNC=[NH+]1)NCC(O)=O,0.311248158,78,6.4
1QH7,ASP,A,12,3.94,3.26,OC(C[C@H](N)C(O)=O)=O,H2O,OC(C[C@@H](C(NCC(O)=O)=O)NC(CN)=O)=O,0.296269336,89,3.94
1QH7,ASP,A,15,3.35,3.09,OC(C[C@H](N)C(O)=O)=O,H2O,OC(C[C@@H](C(NCC(O)=O)=O)NC(CN)=O)=O,0.296269336,113,3.35
1QH7,GLU,A,17,4.31,3.91,N[C@H](C(O)=O)CCC(O)=O,H2O,O=C(NCC(O)=O)[C@H](CCC(O)=O)NC(CN)=O,0.296267722,134,4.31
1QH7,ASP,A,21,3.46,3.25,OC(C[C@H](N)C(O)=O)=O,H2O,OC(C[C@@H](C(NCC(O)=O)=O)NC(CN)=O)=O,0.296269336,176,3.46
1QH7,HIS,A,32,6.7,6.48,N[C@H](C(O)=O)CC1=CNC=N1,H2O,O=C([C@@H](NC(CN)=O)CC1=CNC=[NH+]1)NCC(O)=O,0.311248158,246,6.7
1QH7,GLU,A,56,3.94,3.85,N[C@H](C(O)=O)CCC(O)=O,H2O,O=C(NCC(O)=O)[C@H](CCC(O)=O)NC(CN)=O,0.296267722,445,3.94
1QH7,HIS,A,60,4,6.74,N[C@H](C(O)=O)CC1=CNC=N1,H2O,O=C([C@@H](NC(CN)=O)CC1=CNC=[NH+]1)NCC(O)=O,0.311248158,475,4
1QH7,ASP,A,90,3.88,3.76,OC(C[C@H](N)C(O)=O)=O,H2O,OC(C[C@@H](C(NCC(O)=O)=O)NC(CN)=O)=O,0.296269336,711,3.88
1QH7,ASP,A,99,2.7,2.42,OC(C[C@H](N)C(O)=O)=O,H2O,OC(C[C@@H](C(NCC(O)=O)=O)NC(CN)=O)=O,0.296269336,789,2.7
1QH7,ASP,A,118,2.7,2.44,OC(C[C@H](N)C(O)=O)=O,H2O,OC(C[C@@H](C(NCC(O)=O)=O)NC(CN)=O)=O,0.296269336,933,2.7
1QH7,ASP,A,123,2.7,2.49,OC(C[C@H](N)C(O)=O)=O,H2O,OC(C[C@@H](C(NCC(O)=O)=O)NC(CN)=O)=O,0.296269336,968,2.7
1QH7,GLU,A,126,4.51,3.64,N[C@H](C(O)=O)CCC(O)=O,H2O,O=C(NCC(O)=O)[C@H](CCC(O)=O)NC(CN)=O,0.296267722,997,4.51
1QH7,HIS,A,162,2.7,6.28,N[C@H](C(O)=O)CC1=CNC=N1,H2O,O=C([C@@H](NC(CN)=O)CC1=CNC=[NH+]1)NCC(O)=O,0.311248158,1283,2.7
1QH7,GLU,A,167,3.58,3.55,N[C@H](C(O)=O)CCC(O)=O,H2O,O=C(NCC(O)=O)[C@H](CCC(O)=O)NC(CN)=O,0.296267722,1336,3.58
1QH7,GLU,A,178,4.1,2.52,N[C@H](C(O)=O)CCC(O)=O,H2O,O=C(NCC(O)=O)[C@H](CCC(O)=O)NC(CN)=O,0.296267722,1422,4.1
1QH7,GLU,A,184,6.5,4.26,N[C@H](C(O)=O)CCC(O)=O,H2O,O=C(NCC(O)=O)[C@H](CCC(O)=O)NC(CN)=O,0.296267722,1465,6.5
1RDD,GLU,A,6,4.5,4.11,N[C@H](C(O)=O)CCC(O)=O,H2O,O=C(NCC(O)=O)[C@H](CCC(O)=O)NC(CN)=O,0.296267722,49,4.5
1RDD,ASP,A,10,6.1,3.98,OC(C[C@H](N)C(O)=O)=O,H2O,OC(C[C@@H](C(NCC(O)=O)=O)NC(CN)=O)=O,0.296269336,83,6.1
1RDD,GLU,A,32,3.6,3.17,N[C@H](C(O)=O)CCC(O)=O,H2O,O=C(NCC(O)=O)[C@H](CCC(O)=O)NC(CN)=O,0.296267722,240,3.6
1RDD,GLU,A,48,4.4,4.05,N[C@H](C(O)=O)CCC(O)=O,H2O,O=C(NCC(O)=O)[C@H](CCC(O)=O)NC(CN)=O,0.296267722,370,4.4
1RDD,GLU,A,57,3.2,3.67,N[C@H](C(O)=O)CCC(O)=O,H2O,O=C(NCC(O)=O)[C@H](CCC(O)=O)NC(CN)=O,0.296267722,433,3.2
1RDD,GLU,A,61,3.9,3.5,N[C@H](C(O)=O)CCC(O)=O,H2O,O=C(NCC(O)=O)[C@H](CCC(O)=O)NC(CN)=O,0.296267722,464,3.9
1RDD,HIS,A,62,7,6.49,N[C@H](C(O)=O)CC1=CNC=N1,H2O,O=C([C@@H](NC(CN)=O)CC1=CNC=[NH+]1)NCC(O)=O,0.311248158,471,7
1RDD,GLU,A,64,4.4,4.44,N[C@H](C(O)=O)CCC(O)=O,H2O,O=C(NCC(O)=O)[C@H](CCC(O)=O)NC(CN)=O,0.296267722,489,4.4
1RDD,ASP,A,70,2.6,3.82,OC(C[C@H](N)C(O)=O)=O,H2O,OC(C[C@@H](C(NCC(O)=O)=O)NC(CN)=O)=O,0.296269336,533,2.6
1RDD,HIS,A,83,5.5,6.3,N[C@H](C(O)=O)CC1=CNC=N1,H2O,O=C([C@@H](NC(CN)=O)CC1=CNC=[NH+]1)NCC(O)=O,0.311248158,644,5.5
1RDD,ASP,A,94,3.2,3.49,OC(C[C@H](N)C(O)=O)=O,H2O,OC(C[C@@H](C(NCC(O)=O)=O)NC(CN)=O)=O,0.296269336,745,3.2
1RDD,ASP,A,102,2,2.62,OC(C[C@H](N)C(O)=O)=O,H2O,OC(C[C@@H](C(NCC(O)=O)=O)NC(CN)=O)=O,0.296269336,809,2
1RDD,ASP,A,108,3.2,3.48,OC(C[C@H](N)C(O)=O)=O,H2O,OC(C[C@@H](C(NCC(O)=O)=O)NC(CN)=O)=O,0.296269336,867,3.2
1RDD,HIS,A,114,5,6.51,N[C@H](C(O)=O)CC1=CNC=N1,H2O,O=C([C@@H](NC(CN)=O)CC1=CNC=[NH+]1)NCC(O)=O,0.311248158,905,5
1RDD,GLU,A,119,4.1,4.03,N[C@H](C(O)=O)CCC(O)=O,H2O,O=C(NCC(O)=O)[C@H](CCC(O)=O)NC(CN)=O,0.296267722,957,4.1
1RDD,HIS,A,124,7.1,6.34,N[C@H](C(O)=O)CC1=CNC=N1,H2O,O=C([C@@H](NC(CN)=O)CC1=CNC=[NH+]1)NCC(O)=O,0.311248158,998,7.1
1RDD,HIS,A,127,7.9,7.22,N[C@H](C(O)=O)CC1=CNC=N1,H2O,O=C([C@@H](NC(CN)=O)CC1=CNC=[NH+]1)NCC(O)=O,0.311248158,1017,7.9
1RDD,GLU,A,129,3.6,3.31,N[C@H](C(O)=O)CCC(O)=O,H2O,O=C(NCC(O)=O)[C@H](CCC(O)=O)NC(CN)=O,0.296267722,1036,3.6
1RDD,GLU,A,131,4.3,4.66,N[C@H](C(O)=O)CCC(O)=O,H2O,O=C(NCC(O)=O)[C@H](CCC(O)=O)NC(CN)=O,0.296267722,1053,4.3
1RDD,ASP,A,134,4.3,3.78,OC(C[C@H](N)C(O)=O)=O,H2O,OC(C[C@@H](C(NCC(O)=O)=O)NC(CN)=O)=O,0.296269336,1078,4.3
1RDD,GLU,A,135,4.3,4.53,N[C@H](C(O)=O)CCC(O)=O,H2O,O=C(NCC(O)=O)[C@H](CCC(O)=O)NC(CN)=O,0.296267722,1087,4.3
1RDD,GLU,A,147,4.2,4.54,N[C@H](C(O)=O)CCC(O)=O,H2O,O=C(NCC(O)=O)[C@H](CCC(O)=O)NC(CN)=O,0.296267722,1173,4.2
1RDD,ASP,A,148,2,2.18,OC(C[C@H](N)C(O)=O)=O,H2O,OC(C[C@@H](C(NCC(O)=O)=O)NC(CN)=O)=O,0.296269336,1181,2
1RDD,GLU,A,154,4.4,4.44,N[C@H](C(O)=O)CCC(O)=O,H2O,O=C(NCC(O)=O)[C@H](CCC(O)=O)NC(CN)=O,0.296267722,1229,4.4
1RGG,ASP,A,1,3.44,4.05,OC(C[C@H](N)C(O)=O)=O,H2O,OC(C[C@@H](C(NCC(O)=O)=O)NC(CN)=O)=O,0.296269336,7,3.44
1RGG,GLU,A,14,5.05,4.09,N[C@H](C(O)=O)CCC(O)=O,H2O,O=C(NCC(O)=O)[C@H](CCC(O)=O)NC(CN)=O,0.296267722,94,5.05
1RGG,ASP,A,17,3.72,3.87,OC(C[C@H](N)C(O)=O)=O,H2O,OC(C[C@@H](C(NCC(O)=O)=O)NC(CN)=O)=O,0.296269336,114,3.72
1RGG,ASP,A,25,4.87,4.19,OC(C[C@H](N)C(O)=O)=O,H2O,OC(C[C@@H](C(NCC(O)=O)=O)NC(CN)=O)=O,0.296269336,172,4.87
1RGG,ASP,A,33,2.39,2.67,OC(C[C@H](N)C(O)=O)=O,H2O,OC(C[C@@H](C(NCC(O)=O)=O)NC(CN)=O)=O,0.296269336,236,2.39
1RGG,GLU,A,41,4.14,4.08,N[C@H](C(O)=O)CCC(O)=O,H2O,O=C(NCC(O)=O)[C@H](CCC(O)=O)NC(CN)=O,0.296267722,302,4.14
1RGG,HIS,A,53,8.27,7.18,N[C@H](C(O)=O)CC1=CNC=N1,H2O,O=C([C@@H](NC(CN)=O)CC1=CNC=[NH+]1)NCC(O)=O,0.311248158,399,8.27
1RGG,GLU,A,74,3.47,4.7,N[C@H](C(O)=O)CCC(O)=O,H2O,O=C(NCC(O)=O)[C@H](CCC(O)=O)NC(CN)=O,0.296267722,566,3.47
1RGG,GLU,A,78,3.13,4.58,N[C@H](C(O)=O)CCC(O)=O,H2O,O=C(NCC(O)=O)[C@H](CCC(O)=O)NC(CN)=O,0.296267722,596,3.13
1RGG,ASP,A,79,7.37,4.12,OC(C[C@H](N)C(O)=O)=O,H2O,OC(C[C@@H](C(NCC(O)=O)=O)NC(CN)=O)=O,0.296269336,604,7.37
1RGG,ASP,A,84,3.01,3.05,OC(C[C@H](N)C(O)=O)=O,H2O,OC(C[C@@H](C(NCC(O)=O)=O)NC(CN)=O)=O,0.296269336,647,3.01
1RGG,HIS,A,85,6.35,6.29,N[C@H](C(O)=O)CC1=CNC=N1,H2O,O=C([C@@H](NC(CN)=O)CC1=CNC=[NH+]1)NCC(O)=O,0.311248158,654,6.35
1RGG,ASP,A,93,3.09,4.01,OC(C[C@H](N)C(O)=O)=O,H2O,OC(C[C@@H](C(NCC(O)=O)=O)NC(CN)=O)=O,0.296269336,722,3.09
1RNZ,GLU,A,2,2.8,2.7,N[C@H](C(O)=O)CCC(O)=O,H2O,O=C(NCC(O)=O)[C@H](CCC(O)=O)NC(CN)=O,0.296267722,17,2.8
1RNZ,GLU,A,9,4,4.25,N[C@H](C(O)=O)CCC(O)=O,H2O,O=C(NCC(O)=O)[C@H](CCC(O)=O)NC(CN)=O,0.296267722,68,4
1RNZ,HIS,A,12,5.8,5.71,N[C@H](C(O)=O)CC1=CNC=N1,H2O,O=C([C@@H](NC(CN)=O)CC1=CNC=[NH+]1)NCC(O)=O,0.311248158,95,5.8
1RNZ,ASP,A,38,3.5,3.62,OC(C[C@H](N)C(O)=O)=O,H2O,OC(C[C@@H](C(NCC(O)=O)=O)NC(CN)=O)=O,0.296269336,292,3.5
1RNZ,GLU,A,49,4.7,4.45,N[C@H](C(O)=O)CCC(O)=O,H2O,O=C(NCC(O)=O)[C@H](CCC(O)=O)NC(CN)=O,0.296267722,384,4.7
1RNZ,ASP,A,53,3.9,3.8,OC(C[C@H](N)C(O)=O)=O,H2O,OC(C[C@@H](C(NCC(O)=O)=O)NC(CN)=O)=O,0.296269336,411,3.9
1RNZ,ASP,A,83,3.5,2.83,OC(C[C@H](N)C(O)=O)=O,H2O,OC(C[C@@H](C(NCC(O)=O)=O)NC(CN)=O)=O,0.296269336,635,3.5
1RNZ,GLU,A,86,4.1,4.28,N[C@H](C(O)=O)CCC(O)=O,H2O,O=C(NCC(O)=O)[C@H](CCC(O)=O)NC(CN)=O,0.296267722,661,4.1
1RNZ,HIS,A,105,6.6,6.37,N[C@H](C(O)=O)CC1=CNC=N1,H2O,O=C([C@@H](NC(CN)=O)CC1=CNC=[NH+]1)NCC(O)=O,0.311248158,804,6.6
1RNZ,GLU,A,111,3.5,4.34,N[C@H](C(O)=O)CCC(O)=O,H2O,O=C(NCC(O)=O)[C@H](CCC(O)=O)NC(CN)=O,0.296267722,850,3.5
1RNZ,HIS,A,119,6.1,6.58,N[C@H](C(O)=O)CC1=CNC=N1,H2O,O=C([C@@H](NC(CN)=O)CC1=CNC=[NH+]1)NCC(O)=O,0.311248158,909,6.1
1RNZ,ASP,A,121,3.1,2.73,OC(C[C@H](N)C(O)=O)=O,H2O,OC(C[C@@H](C(NCC(O)=O)=O)NC(CN)=O)=O,0.296269336,931,3.1
1WLA,HIS,A,36,7.8,6.63,N[C@H](C(O)=O)CC1=CNC=N1,H2O,O=C([C@@H](NC(CN)=O)CC1=CNC=[NH+]1)NCC(O)=O,0.311248158,276,7.8
1WLA,HIS,A,48,5.62,6.48,N[C@H](C(O)=O)CC1=CNC=N1,H2O,O=C([C@@H](NC(CN)=O)CC1=CNC=[NH+]1)NCC(O)=O,0.311248158,383,5.62
1WLA,HIS,A,81,6.94,6.66,N[C@H](C(O)=O)CC1=CNC=N1,H2O,O=C([C@@H](NC(CN)=O)CC1=CNC=[NH+]1)NCC(O)=O,0.311248158,629,6.94
1WLA,HIS,A,113,5.87,6.01,N[C@H](C(O)=O)CC1=CNC=N1,H2O,O=C([C@@H](NC(CN)=O)CC1=CNC=[NH+]1)NCC(O)=O,0.311248158,889,5.87
1WLA,HIS,A,116,6.79,6.29,N[C@H](C(O)=O)CC1=CNC=N1,H2O,O=C([C@@H](NC(CN)=O)CC1=CNC=[NH+]1)NCC(O)=O,0.311248158,914,6.79
1WLA,HIS,A,119,6.56,6.09,N[C@H](C(O)=O)CC1=CNC=N1,H2O,O=C([C@@H](NC(CN)=O)CC1=CNC=[NH+]1)NCC(O)=O,0.311248158,939,6.56
1XNB,ASP,A,4,3,2.8,OC(C[C@H](N)C(O)=O)=O,H2O,OC(C[C@@H](C(NCC(O)=O)=O)NC(CN)=O)=O,0.296269336,25,3
1XNB,ASP,A,11,2.5,3.27,OC(C[C@H](N)C(O)=O)=O,H2O,OC(C[C@@H](C(NCC(O)=O)=O)NC(CN)=O)=O,0.296269336,97,2.5
1XNB,GLU,A,78,4.6,4.19,N[C@H](C(O)=O)CCC(O)=O,H2O,O=C(NCC(O)=O)[C@H](CCC(O)=O)NC(CN)=O,0.296267722,597,4.6
1XNB,ASP,A,106,2.7,3.5,OC(C[C@H](N)C(O)=O)=O,H2O,OC(C[C@@H](C(NCC(O)=O)=O)NC(CN)=O)=O,0.296269336,819,2.7
1XNB,ASP,A,119,3.2,3.15,OC(C[C@H](N)C(O)=O)=O,H2O,OC(C[C@@H](C(NCC(O)=O)=O)NC(CN)=O)=O,0.296269336,925,3.2
1XNB,ASP,A,121,3.6,3.86,OC(C[C@H](N)C(O)=O)=O,H2O,OC(C[C@@H](C(NCC(O)=O)=O)NC(CN)=O)=O,0.296269336,937,3.6
1XNB,HIS,A,149,2.3,6.51,N[C@H](C(O)=O)CC1=CNC=N1,H2O,O=C([C@@H](NC(CN)=O)CC1=CNC=[NH+]1)NCC(O)=O,0.311248158,1166,2.3
1XNB,HIS,A,156,6.5,6.33,N[C@H](C(O)=O)CC1=CNC=N1,H2O,O=C([C@@H](NC(CN)=O)CC1=CNC=[NH+]1)NCC(O)=O,0.311248158,1225,6.5
1XNB,GLU,A,172,6.7,4.4,N[C@H](C(O)=O)CCC(O)=O,H2O,O=C(NCC(O)=O)[C@H](CCC(O)=O)NC(CN)=O,0.296267722,1350,6.7
1Z12,HIS,A,66,8.3,6.96,N[C@H](C(O)=O)CC1=CNC=N1,H2O,O=C([C@@H](NC(CN)=O)CC1=CNC=[NH+]1)NCC(O)=O,0.311248158,504,8.3
1Z12,HIS,A,72,9.2,6.73,N[C@H](C(O)=O)CC1=CNC=N1,H2O,O=C([C@@H](NC(CN)=O)CC1=CNC=[NH+]1)NCC(O)=O,0.311248158,546,9.2
2BUS,ASP,A,6,4,3.53,OC(C[C@H](N)C(O)=O)=O,H2O,OC(C[C@@H](C(NCC(O)=O)=O)NC(CN)=O)=O,0.296269336,40,4
2BUS,GLU,A,9,4.3,4.41,N[C@H](C(O)=O)CCC(O)=O,H2O,O=C(NCC(O)=O)[C@H](CCC(O)=O)NC(CN)=O,0.296267722,60,4.3
2BUS,ASP,A,12,3.6,3.96,OC(C[C@H](N)C(O)=O)=O,H2O,OC(C[C@@H](C(NCC(O)=O)=O)NC(CN)=O)=O,0.296269336,88,3.6
2BUS,GLU,A,20,4.1,4.14,N[C@H](C(O)=O)CCC(O)=O,H2O,O=C(NCC(O)=O)[C@H](CCC(O)=O)NC(CN)=O,0.296267722,156,4.1
2CI2,GLU,I,23,3.2,4.04,N[C@H](C(O)=O)CCC(O)=O,H2O,O=C(NCC(O)=O)[C@H](CCC(O)=O)NC(CN)=O,0.296267722,40,3.2
2CI2,GLU,I,26,3.3,3.72,N[C@H](C(O)=O)CCC(O)=O,H2O,O=C(NCC(O)=O)[C@H](CCC(O)=O)NC(CN)=O,0.296267722,70,3.3
2CI2,GLU,I,33,4.2,4.35,N[C@H](C(O)=O)CCC(O)=O,H2O,O=C(NCC(O)=O)[C@H](CCC(O)=O)NC(CN)=O,0.296267722,120,4.2
2CI2,GLU,I,34,3.8,4.25,N[C@H](C(O)=O)CCC(O)=O,H2O,O=C(NCC(O)=O)[C@H](CCC(O)=O)NC(CN)=O,0.296267722,129,3.8
2CI2,ASP,I,42,3.3,3.46,OC(C[C@H](N)C(O)=O)=O,H2O,OC(C[C@@H](C(NCC(O)=O)=O)NC(CN)=O)=O,0.296269336,192,3.3
2CI2,GLU,I,45,3.9,3.98,N[C@H](C(O)=O)CCC(O)=O,H2O,O=C(NCC(O)=O)[C@H](CCC(O)=O)NC(CN)=O,0.296267722,217,3.9
2CI2,GLU,I,60,3.5,3.88,N[C@H](C(O)=O)CCC(O)=O,H2O,O=C(NCC(O)=O)[C@H](CCC(O)=O)NC(CN)=O,0.296267722,326,3.5
2CI2,ASP,I,64,3.8,2.74,OC(C[C@H](N)C(O)=O)=O,H2O,OC(C[C@@H](C(NCC(O)=O)=O)NC(CN)=O)=O,0.296269336,365,3.8
2CI2,ASP,I,71,2.8,3.26,OC(C[C@H](N)C(O)=O)=O,H2O,OC(C[C@@H](C(NCC(O)=O)=O)NC(CN)=O)=O,0.296269336,428,2.8
2CI2,ASP,I,74,5,4.01,OC(C[C@H](N)C(O)=O)=O,H2O,OC(C[C@@H](C(NCC(O)=O)=O)NC(CN)=O)=O,0.296269336,453,5
2GB1,LYS,A,10,11,10.94,N[C@H](C(O)=O)CCCCN,H2O,O=C([C@@H](NC(CN)=O)CCCC[NH3+])NCC(O)=O,0.344006605,80,11
2GB1,LYS,A,13,11,11.06,N[C@H](C(O)=O)CCCCN,H2O,O=C([C@@H](NC(CN)=O)CCCC[NH3+])NCC(O)=O,0.344006605,104,11
2GB1,GLU,A,15,4.4,4.34,N[C@H](C(O)=O)CCC(O)=O,H2O,O=C(NCC(O)=O)[C@H](CCC(O)=O)NC(CN)=O,0.296267722,117,4.4
2GB1,GLU,A,19,3.7,4.68,N[C@H](C(O)=O)CCC(O)=O,H2O,O=C(NCC(O)=O)[C@H](CCC(O)=O)NC(CN)=O,0.296267722,147,3.7
2GB1,ASP,A,22,2.9,3.02,OC(C[C@H](N)C(O)=O)=O,H2O,OC(C[C@@H](C(NCC(O)=O)=O)NC(CN)=O)=O,0.296269336,167,2.9
2GB1,GLU,A,27,4.5,4.46,N[C@H](C(O)=O)CCC(O)=O,H2O,O=C(NCC(O)=O)[C@H](CCC(O)=O)NC(CN)=O,0.296267722,198,4.5
2GB1,LYS,A,28,10.9,10.79,N[C@H](C(O)=O)CCCCN,H2O,O=C([C@@H](NC(CN)=O)CCCC[NH3+])NCC(O)=O,0.344006605,207,10.9
2GB1,ASP,A,36,3.8,4.05,OC(C[C@H](N)C(O)=O)=O,H2O,OC(C[C@@H](C(NCC(O)=O)=O)NC(CN)=O)=O,0.296269336,276,3.8
2GB1,ASP,A,40,4,3.92,OC(C[C@H](N)C(O)=O)=O,H2O,OC(C[C@@H](C(NCC(O)=O)=O)NC(CN)=O)=O,0.296269336,303,4
2GB1,GLU,A,42,4.4,4.65,N[C@H](C(O)=O)CCC(O)=O,H2O,O=C(NCC(O)=O)[C@H](CCC(O)=O)NC(CN)=O,0.296267722,316,4.4
2GB1,ASP,A,46,3.6,3.73,OC(C[C@H](N)C(O)=O)=O,H2O,OC(C[C@@H](C(NCC(O)=O)=O)NC(CN)=O)=O,0.296269336,357,3.6
2GB1,ASP,A,47,3.4,3.79,OC(C[C@H](N)C(O)=O)=O,H2O,OC(C[C@@H](C(NCC(O)=O)=O)NC(CN)=O)=O,0.296269336,365,3.4
2GB1,GLU,A,56,4,4.45,N[C@H](C(O)=O)CCC(O)=O,H2O,O=C(NCC(O)=O)[C@H](CCC(O)=O)NC(CN)=O,0.296267722,434,4
2IGD,GLU,A,20,4.3,4.22,N[C@H](C(O)=O)CCC(O)=O,H2O,O=C(NCC(O)=O)[C@H](CCC(O)=O)NC(CN)=O,0.296267722,149,4.3
2IGD,ASP,A,27,2.9,3.14,OC(C[C@H](N)C(O)=O)=O,H2O,OC(C[C@@H](C(NCC(O)=O)=O)NC(CN)=O)=O,0.296269336,199,2.9
2IGD,GLU,A,29,4.2,4.45,N[C@H](C(O)=O)CCC(O)=O,H2O,O=C(NCC(O)=O)[C@H](CCC(O)=O)NC(CN)=O,0.296267722,213,4.2
2IGD,GLU,A,32,4.6,4.21,N[C@H](C(O)=O)CCC(O)=O,H2O,O=C(NCC(O)=O)[C@H](CCC(O)=O)NC(CN)=O,0.296267722,234,4.6
2IGD,ASP,A,41,3.9,3.86,OC(C[C@H](N)C(O)=O)=O,H2O,OC(C[C@@H](C(NCC(O)=O)=O)NC(CN)=O)=O,0.296269336,310,3.9
2IGD,ASP,A,45,4.4,3.95,OC(C[C@H](N)C(O)=O)=O,H2O,OC(C[C@@H](C(NCC(O)=O)=O)NC(CN)=O)=O,0.296269336,337,4.4
2IGD,ASP,A,51,3.6,3.56,OC(C[C@H](N)C(O)=O)=O,H2O,OC(C[C@@H](C(NCC(O)=O)=O)NC(CN)=O)=O,0.296269336,389,3.6
2IGD,ASP,A,52,3.4,3.18,OC(C[C@H](N)C(O)=O)=O,H2O,OC(C[C@@H](C(NCC(O)=O)=O)NC(CN)=O)=O,0.296269336,397,3.4
2IGD,GLU,A,61,4.2,3.95,N[C@H](C(O)=O)CCC(O)=O,H2O,O=C(NCC(O)=O)[C@H](CCC(O)=O)NC(CN)=O,0.296267722,466,4.2
2IGH,GLU,A,20,4.3,4.17,N[C@H](C(O)=O)CCC(O)=O,H2O,O=C(NCC(O)=O)[C@H](CCC(O)=O)NC(CN)=O,0.296267722,149,4.3
2IGH,ASP,A,27,2.9,3.49,OC(C[C@H](N)C(O)=O)=O,H2O,OC(C[C@@H](C(NCC(O)=O)=O)NC(CN)=O)=O,0.296269336,199,2.9
2IGH,GLU,A,29,4.2,4.65,N[C@H](C(O)=O)CCC(O)=O,H2O,O=C(NCC(O)=O)[C@H](CCC(O)=O)NC(CN)=O,0.296267722,213,4.2
2IGH,GLU,A,32,4.6,4.56,N[C@H](C(O)=O)CCC(O)=O,H2O,O=C(NCC(O)=O)[C@H](CCC(O)=O)NC(CN)=O,0.296267722,234,4.6
2IGH,ASP,A,41,3.9,4.03,OC(C[C@H](N)C(O)=O)=O,H2O,OC(C[C@@H](C(NCC(O)=O)=O)NC(CN)=O)=O,0.296269336,310,3.9
2IGH,ASP,A,45,4.4,3.7,OC(C[C@H](N)C(O)=O)=O,H2O,OC(C[C@@H](C(NCC(O)=O)=O)NC(CN)=O)=O,0.296269336,337,4.4
2IGH,ASP,A,51,3.6,3.55,OC(C[C@H](N)C(O)=O)=O,H2O,OC(C[C@@H](C(NCC(O)=O)=O)NC(CN)=O)=O,0.296269336,389,3.6
2IGH,ASP,A,52,3.4,3.95,OC(C[C@H](N)C(O)=O)=O,H2O,OC(C[C@@H](C(NCC(O)=O)=O)NC(CN)=O)=O,0.296269336,397,3.4
2IGH,GLU,A,61,4.2,4.55,N[C@H](C(O)=O)CCC(O)=O,H2O,O=C(NCC(O)=O)[C@H](CCC(O)=O)NC(CN)=O,0.296267722,466,4.2
2LZT,LYS,A,1,10.8,10.68,N[C@H](C(O)=O)CCCCN,H2O,O=C([C@@H](NC(CN)=O)CCCC[NH3+])NCC(O)=O,0.344006605,8,10.8
2LZT,GLU,A,7,2.85,3.76,N[C@H](C(O)=O)CCC(O)=O,H2O,O=C(NCC(O)=O)[C@H](CCC(O)=O)NC(CN)=O,0.296267722,56,2.85
2LZT,LYS,A,13,10.5,10.51,N[C@H](C(O)=O)CCCCN,H2O,O=C([C@@H](NC(CN)=O)CCCC[NH3+])NCC(O)=O,0.344006605,96,10.5
2LZT,ASP,A,18,2.66,3.16,OC(C[C@H](N)C(O)=O)=O,H2O,OC(C[C@@H](C(NCC(O)=O)=O)NC(CN)=O)=O,0.296269336,137,2.66
2LZT,LYS,A,33,10.4,10.95,N[C@H](C(O)=O)CCCCN,H2O,O=C([C@@H](NC(CN)=O)CCCC[NH3+])NCC(O)=O,0.344006605,256,10.4
2LZT,GLU,A,35,6.2,4.32,N[C@H](C(O)=O)CCC(O)=O,H2O,O=C(NCC(O)=O)[C@H](CCC(O)=O)NC(CN)=O,0.296267722,276,6.2
2LZT,ASP,A,48,1.6,3.43,OC(C[C@H](N)C(O)=O)=O,H2O,OC(C[C@@H](C(NCC(O)=O)=O)NC(CN)=O)=O,0.296269336,379,1.6
2LZT,ASP,A,52,3.68,3.38,OC(C[C@H](N)C(O)=O)=O,H2O,OC(C[C@@H](C(NCC(O)=O)=O)NC(CN)=O)=O,0.296269336,404,3.68
2LZT,ASP,A,66,0.9,2.7,OC(C[C@H](N)C(O)=O)=O,H2O,OC(C[C@@H](C(NCC(O)=O)=O)NC(CN)=O)=O,0.296269336,528,0.9
2LZT,ASP,A,87,2.07,3.18,OC(C[C@H](N)C(O)=O)=O,H2O,OC(C[C@@H](C(NCC(O)=O)=O)NC(CN)=O)=O,0.296269336,676,2.07
2LZT,LYS,A,96,10.8,11.03,N[C@H](C(O)=O)CCCCN,H2O,O=C([C@@H](NC(CN)=O)CCCC[NH3+])NCC(O)=O,0.344006605,737,10.8
2LZT,LYS,A,97,10.3,11.03,N[C@H](C(O)=O)CCCCN,H2O,O=C([C@@H](NC(CN)=O)CCCC[NH3+])NCC(O)=O,0.344006605,746,10.3
2LZT,ASP,A,101,4.08,3.7,OC(C[C@H](N)C(O)=O)=O,H2O,OC(C[C@@H](C(NCC(O)=O)=O)NC(CN)=O)=O,0.296269336,775,4.08
2LZT,LYS,A,116,10.2,10.52,N[C@H](C(O)=O)CCCCN,H2O,O=C([C@@H](NC(CN)=O)CCCC[NH3+])NCC(O)=O,0.344006605,897,10.2
2LZT,ASP,A,119,3.2,3.24,OC(C[C@H](N)C(O)=O)=O,H2O,OC(C[C@@H](C(NCC(O)=O)=O)NC(CN)=O)=O,0.296269336,916,3.2
2QMT,LYS,A,10,11,11.26,N[C@H](C(O)=O)CCCCN,H2O,O=C([C@@H](NC(CN)=O)CCCC[NH3+])NCC(O)=O,0.344006605,82,11
2QMT,LYS,A,13,11,11.45,N[C@H](C(O)=O)CCCCN,H2O,O=C([C@@H](NC(CN)=O)CCCC[NH3+])NCC(O)=O,0.344006605,106,11
2QMT,GLU,A,15,4.4,4.15,N[C@H](C(O)=O)CCC(O)=O,H2O,O=C(NCC(O)=O)[C@H](CCC(O)=O)NC(CN)=O,0.296267722,119,4.4
2QMT,GLU,A,19,3.7,4.47,N[C@H](C(O)=O)CCC(O)=O,H2O,O=C(NCC(O)=O)[C@H](CCC(O)=O)NC(CN)=O,0.296267722,149,3.7
2QMT,ASP,A,22,2.9,3.13,OC(C[C@H](N)C(O)=O)=O,H2O,OC(C[C@@H](C(NCC(O)=O)=O)NC(CN)=O)=O,0.296269336,169,2.9
2QMT,GLU,A,27,4.5,4.1,N[C@H](C(O)=O)CCC(O)=O,H2O,O=C(NCC(O)=O)[C@H](CCC(O)=O)NC(CN)=O,0.296267722,200,4.5
2QMT,LYS,A,28,10.9,10.99,N[C@H](C(O)=O)CCCCN,H2O,O=C([C@@H](NC(CN)=O)CCCC[NH3+])NCC(O)=O,0.344006605,209,10.9
2QMT,ASP,A,36,3.8,3.86,OC(C[C@H](N)C(O)=O)=O,H2O,OC(C[C@@H](C(NCC(O)=O)=O)NC(CN)=O)=O,0.296269336,278,3.8
2QMT,ASP,A,40,4,3.98,OC(C[C@H](N)C(O)=O)=O,H2O,OC(C[C@@H](C(NCC(O)=O)=O)NC(CN)=O)=O,0.296269336,305,4
2QMT,GLU,A,42,4.4,4.57,N[C@H](C(O)=O)CCC(O)=O,H2O,O=C(NCC(O)=O)[C@H](CCC(O)=O)NC(CN)=O,0.296267722,318,4.4
2QMT,ASP,A,46,3.6,3.57,OC(C[C@H](N)C(O)=O)=O,H2O,OC(C[C@@H](C(NCC(O)=O)=O)NC(CN)=O)=O,0.296269336,359,3.6
2QMT,ASP,A,47,3.4,3.22,OC(C[C@H](N)C(O)=O)=O,H2O,OC(C[C@@H](C(NCC(O)=O)=O)NC(CN)=O)=O,0.296269336,367,3.4
2QMT,GLU,A,56,4,3.79,N[C@H](C(O)=O)CCC(O)=O,H2O,O=C(NCC(O)=O)[C@H](CCC(O)=O)NC(CN)=O,0.296267722,436,4
2RN2,GLU,A,6,4.5,4.07,N[C@H](C(O)=O)CCC(O)=O,H2O,O=C(NCC(O)=O)[C@H](CCC(O)=O)NC(CN)=O,0.296267722,49,4.5
2RN2,ASP,A,10,6.1,3.78,OC(C[C@H](N)C(O)=O)=O,H2O,OC(C[C@@H](C(NCC(O)=O)=O)NC(CN)=O)=O,0.296269336,83,6.1
2RN2,GLU,A,32,3.6,3.6,N[C@H](C(O)=O)CCC(O)=O,H2O,O=C(NCC(O)=O)[C@H](CCC(O)=O)NC(CN)=O,0.296267722,240,3.6
2RN2,GLU,A,48,4.4,3.57,N[C@H](C(O)=O)CCC(O)=O,H2O,O=C(NCC(O)=O)[C@H](CCC(O)=O)NC(CN)=O,0.296267722,370,4.4
2RN2,GLU,A,57,3.2,3.46,N[C@H](C(O)=O)CCC(O)=O,H2O,O=C(NCC(O)=O)[C@H](CCC(O)=O)NC(CN)=O,0.296267722,433,3.2
2RN2,GLU,A,61,3.9,3.76,N[C@H](C(O)=O)CCC(O)=O,H2O,O=C(NCC(O)=O)[C@H](CCC(O)=O)NC(CN)=O,0.296267722,464,3.9
2RN2,HIS,A,62,7,6.71,N[C@H](C(O)=O)CC1=CNC=N1,H2O,O=C([C@@H](NC(CN)=O)CC1=CNC=[NH+]1)NCC(O)=O,0.311248158,471,7
2RN2,GLU,A,64,4.4,4.29,N[C@H](C(O)=O)CCC(O)=O,H2O,O=C(NCC(O)=O)[C@H](CCC(O)=O)NC(CN)=O,0.296267722,489,4.4
2RN2,ASP,A,70,2.6,3.65,OC(C[C@H](N)C(O)=O)=O,H2O,OC(C[C@@H](C(NCC(O)=O)=O)NC(CN)=O)=O,0.296269336,533,2.6
2RN2,HIS,A,83,5.5,6.14,N[C@H](C(O)=O)CC1=CNC=N1,H2O,O=C([C@@H](NC(CN)=O)CC1=CNC=[NH+]1)NCC(O)=O,0.311248158,644,5.5
2RN2,ASP,A,94,3.2,3.48,OC(C[C@H](N)C(O)=O)=O,H2O,OC(C[C@@H](C(NCC(O)=O)=O)NC(CN)=O)=O,0.296269336,745,3.2
2RN2,ASP,A,102,2,2.52,OC(C[C@H](N)C(O)=O)=O,H2O,OC(C[C@@H](C(NCC(O)=O)=O)NC(CN)=O)=O,0.296269336,809,2
2RN2,ASP,A,108,3.2,3.15,OC(C[C@H](N)C(O)=O)=O,H2O,OC(C[C@@H](C(NCC(O)=O)=O)NC(CN)=O)=O,0.296269336,867,3.2
2RN2,HIS,A,114,5,6.54,N[C@H](C(O)=O)CC1=CNC=N1,H2O,O=C([C@@H](NC(CN)=O)CC1=CNC=[NH+]1)NCC(O)=O,0.311248158,905,5
2RN2,GLU,A,119,4.1,3.64,N[C@H](C(O)=O)CCC(O)=O,H2O,O=C(NCC(O)=O)[C@H](CCC(O)=O)NC(CN)=O,0.296267722,957,4.1
2RN2,HIS,A,124,7.1,6.26,N[C@H](C(O)=O)CC1=CNC=N1,H2O,O=C([C@@H](NC(CN)=O)CC1=CNC=[NH+]1)NCC(O)=O,0.311248158,998,7.1
2RN2,HIS,A,127,7.9,7.33,N[C@H](C(O)=O)CC1=CNC=N1,H2O,O=C([C@@H](NC(CN)=O)CC1=CNC=[NH+]1)NCC(O)=O,0.311248158,1017,7.9
2RN2,GLU,A,129,3.6,3.71,N[C@H](C(O)=O)CCC(O)=O,H2O,O=C(NCC(O)=O)[C@H](CCC(O)=O)NC(CN)=O,0.296267722,1036,3.6
2RN2,GLU,A,131,4.3,4.58,N[C@H](C(O)=O)CCC(O)=O,H2O,O=C(NCC(O)=O)[C@H](CCC(O)=O)NC(CN)=O,0.296267722,1053,4.3
2RN2,ASP,A,134,4.3,3.46,OC(C[C@H](N)C(O)=O)=O,H2O,OC(C[C@@H](C(NCC(O)=O)=O)NC(CN)=O)=O,0.296269336,1078,4.3
2RN2,GLU,A,135,4.3,4.44,N[C@H](C(O)=O)CCC(O)=O,H2O,O=C(NCC(O)=O)[C@H](CCC(O)=O)NC(CN)=O,0.296267722,1087,4.3
2RN2,GLU,A,147,4.2,4.47,N[C@H](C(O)=O)CCC(O)=O,H2O,O=C(NCC(O)=O)[C@H](CCC(O)=O)NC(CN)=O,0.296267722,1173,4.2
2RN2,ASP,A,148,2,1.9,OC(C[C@H](N)C(O)=O)=O,H2O,OC(C[C@@H](C(NCC(O)=O)=O)NC(CN)=O)=O,0.296269336,1181,2
2RN2,GLU,A,154,4.4,4.13,N[C@H](C(O)=O)CCC(O)=O,H2O,O=C(NCC(O)=O)[C@H](CCC(O)=O)NC(CN)=O,0.296267722,1229,4.4
2SNI,GLU,I,23,3.2,4.14,N[C@H](C(O)=O)CCC(O)=O,H2O,O=C(NCC(O)=O)[C@H](CCC(O)=O)NC(CN)=O,0.296267722,1970,3.2
2SNI,GLU,I,26,3.3,3.62,N[C@H](C(O)=O)CCC(O)=O,H2O,O=C(NCC(O)=O)[C@H](CCC(O)=O)NC(CN)=O,0.296267722,2000,3.3
2SNI,GLU,I,33,4.2,4.24,N[C@H](C(O)=O)CCC(O)=O,H2O,O=C(NCC(O)=O)[C@H](CCC(O)=O)NC(CN)=O,0.296267722,2050,4.2
2SNI,GLU,I,34,3.8,4.26,N[C@H](C(O)=O)CCC(O)=O,H2O,O=C(NCC(O)=O)[C@H](CCC(O)=O)NC(CN)=O,0.296267722,2059,3.8
2SNI,ASP,I,42,3.3,3.59,OC(C[C@H](N)C(O)=O)=O,H2O,OC(C[C@@H](C(NCC(O)=O)=O)NC(CN)=O)=O,0.296269336,2122,3.3
2SNI,GLU,I,45,3.9,4.14,N[C@H](C(O)=O)CCC(O)=O,H2O,O=C(NCC(O)=O)[C@H](CCC(O)=O)NC(CN)=O,0.296267722,2147,3.9
2SNI,GLU,I,60,3.5,3.14,N[C@H](C(O)=O)CCC(O)=O,H2O,O=C(NCC(O)=O)[C@H](CCC(O)=O)NC(CN)=O,0.296267722,2256,3.5
2SNI,ASP,I,64,3.8,3.3,OC(C[C@H](N)C(O)=O)=O,H2O,OC(C[C@@H](C(NCC(O)=O)=O)NC(CN)=O)=O,0.296269336,2295,3.8
2SNI,ASP,I,71,2.8,3.27,OC(C[C@H](N)C(O)=O)=O,H2O,OC(C[C@@H](C(NCC(O)=O)=O)NC(CN)=O)=O,0.296269336,2358,2.8
2SNI,ASP,I,74,5,3.96,OC(C[C@H](N)C(O)=O)=O,H2O,OC(C[C@@H](C(NCC(O)=O)=O)NC(CN)=O)=O,0.296269336,2383,5
3EGF,ASP,A,11,3.9,4.17,OC(C[C@H](N)C(O)=O)=O,H2O,OC(C[C@@H](C(NCC(O)=O)=O)NC(CN)=O)=O,0.296269336,81,3.9
3EGF,GLU,A,24,4.1,4.53,N[C@H](C(O)=O)CCC(O)=O,H2O,O=C(NCC(O)=O)[C@H](CCC(O)=O)NC(CN)=O,0.296267722,175,4.1
3EGF,ASP,A,27,4,3.82,OC(C[C@H](N)C(O)=O)=O,H2O,OC(C[C@@H](C(NCC(O)=O)=O)NC(CN)=O)=O,0.296269336,197,4
3EGF,ASP,A,40,3.6,3.78,OC(C[C@H](N)C(O)=O)=O,H2O,OC(C[C@@H](C(NCC(O)=O)=O)NC(CN)=O)=O,0.296269336,291,3.6
3EGF,ASP,A,46,3.8,3.48,OC(C[C@H](N)C(O)=O)=O,H2O,OC(C[C@@H](C(NCC(O)=O)=O)NC(CN)=O)=O,0.296269336,343,3.8
3EGF,GLU,A,51,4,4.45,N[C@H](C(O)=O)CCC(O)=O,H2O,O=C(NCC(O)=O)[C@H](CCC(O)=O)NC(CN)=O,0.296267722,399,4
3GB1,LYS,A,10,11,11.06,N[C@H](C(O)=O)CCCCN,H2O,O=C([C@@H](NC(CN)=O)CCCC[NH3+])NCC(O)=O,0.344006605,80,11
3GB1,LYS,A,13,11,11.08,N[C@H](C(O)=O)CCCCN,H2O,O=C([C@@H](NC(CN)=O)CCCC[NH3+])NCC(O)=O,0.344006605,104,11
3GB1,GLU,A,15,4.4,4.21,N[C@H](C(O)=O)CCC(O)=O,H2O,O=C(NCC(O)=O)[C@H](CCC(O)=O)NC(CN)=O,0.296267722,117,4.4
3GB1,GLU,A,19,3.7,4.55,N[C@H](C(O)=O)CCC(O)=O,H2O,O=C(NCC(O)=O)[C@H](CCC(O)=O)NC(CN)=O,0.296267722,147,3.7
3GB1,ASP,A,22,2.9,3.52,OC(C[C@H](N)C(O)=O)=O,H2O,OC(C[C@@H](C(NCC(O)=O)=O)NC(CN)=O)=O,0.296269336,167,2.9
3GB1,GLU,A,27,4.5,4.35,N[C@H](C(O)=O)CCC(O)=O,H2O,O=C(NCC(O)=O)[C@H](CCC(O)=O)NC(CN)=O,0.296267722,198,4.5
3GB1,LYS,A,28,10.9,10.97,N[C@H](C(O)=O)CCCCN,H2O,O=C([C@@H](NC(CN)=O)CCCC[NH3+])NCC(O)=O,0.344006605,207,10.9
3GB1,ASP,A,36,3.8,4.01,OC(C[C@H](N)C(O)=O)=O,H2O,OC(C[C@@H](C(NCC(O)=O)=O)NC(CN)=O)=O,0.296269336,276,3.8
3GB1,ASP,A,40,4,3.98,OC(C[C@H](N)C(O)=O)=O,H2O,OC(C[C@@H](C(NCC(O)=O)=O)NC(CN)=O)=O,0.296269336,303,4
3GB1,GLU,A,42,4.4,4.63,N[C@H](C(O)=O)CCC(O)=O,H2O,O=C(NCC(O)=O)[C@H](CCC(O)=O)NC(CN)=O,0.296267722,316,4.4
3GB1,ASP,A,46,3.6,3.52,OC(C[C@H](N)C(O)=O)=O,H2O,OC(C[C@@H](C(NCC(O)=O)=O)NC(CN)=O)=O,0.296269336,357,3.6
3GB1,ASP,A,47,3.4,3.76,OC(C[C@H](N)C(O)=O)=O,H2O,OC(C[C@@H](C(NCC(O)=O)=O)NC(CN)=O)=O,0.296269336,365,3.4
3GB1,GLU,A,56,4,4.1,N[C@H](C(O)=O)CCC(O)=O,H2O,O=C(NCC(O)=O)[C@H](CCC(O)=O)NC(CN)=O,0.296267722,434,4
3ICB,LYS,A,1,10.6,11.27,N[C@H](C(O)=O)CCCCN,H2O,O=C([C@@H](NC(CN)=O)CCCC[NH3+])NCC(O)=O,0.344006605,8,10.6
3ICB,GLU,A,4,3.8,4.52,N[C@H](C(O)=O)CCC(O)=O,H2O,O=C(NCC(O)=O)[C@H](CCC(O)=O)NC(CN)=O,0.296267722,30,3.8
3ICB,GLU,A,5,3.4,4.29,N[C@H](C(O)=O)CCC(O)=O,H2O,O=C(NCC(O)=O)[C@H](CCC(O)=O)NC(CN)=O,0.296267722,39,3.4
3ICB,LYS,A,7,11.39,11.35,N[C@H](C(O)=O)CCCCN,H2O,O=C([C@@H](NC(CN)=O)CCCC[NH3+])NCC(O)=O,0.344006605,56,11.39
3ICB,GLU,A,11,4.7,4.57,N[C@H](C(O)=O)CCC(O)=O,H2O,O=C(NCC(O)=O)[C@H](CCC(O)=O)NC(CN)=O,0.296267722,88,4.7
3ICB,LYS,A,12,11.06,11.4,N[C@H](C(O)=O)CCCCN,H2O,O=C([C@@H](NC(CN)=O)CCCC[NH3+])NCC(O)=O,0.344006605,97,11.06
3ICB,LYS,A,16,10.7,11.23,N[C@H](C(O)=O)CCCCN,H2O,O=C([C@@H](NC(CN)=O)CCCC[NH3+])NCC(O)=O,0.344006605,128,10.7
3ICB,GLU,A,17,3.62,4.53,N[C@H](C(O)=O)CCC(O)=O,H2O,O=C(NCC(O)=O)[C@H](CCC(O)=O)NC(CN)=O,0.296267722,137,3.62
3ICB,LYS,A,25,11.69,11.5,N[C@H](C(O)=O)CCCCN,H2O,O=C([C@@H](NC(CN)=O)CCCC[NH3+])NCC(O)=O,0.344006605,196,11.69
3ICB,GLU,A,26,4.1,4.2,N[C@H](C(O)=O)CCC(O)=O,H2O,O=C(NCC(O)=O)[C@H](CCC(O)=O)NC(CN)=O,0.296267722,205,4.1
3ICB,LYS,A,29,11.37,11.17,N[C@H](C(O)=O)CCCCN,H2O,O=C([C@@H](NC(CN)=O)CCCC[NH3+])NCC(O)=O,0.344006605,231,11.37
3ICB,LYS,A,41,10.93,10.81,N[C@H](C(O)=O)CCCCN,H2O,O=C([C@@H](NC(CN)=O)CCCC[NH3+])NCC(O)=O,0.344006605,329,10.93
3ICB,ASP,A,47,3,3.2,OC(C[C@H](N)C(O)=O)=O,H2O,OC(C[C@@H](C(NCC(O)=O)=O)NC(CN)=O)=O,0.296269336,369,3
3ICB,GLU,A,48,4.6,4.56,N[C@H](C(O)=O)CCC(O)=O,H2O,O=C(NCC(O)=O)[C@H](CCC(O)=O)NC(CN)=O,0.296267722,378,4.6
3ICB,LYS,A,55,12.12,11.8,N[C@H](C(O)=O)CCCCN,H2O,O=C([C@@H](NC(CN)=O)CCCC[NH3+])NCC(O)=O,0.344006605,440,12.12
3ICB,GLU,A,64,3.8,4.29,N[C@H](C(O)=O)CCC(O)=O,H2O,O=C(NCC(O)=O)[C@H](CCC(O)=O)NC(CN)=O,0.296267722,506,3.8
3ICB,LYS,A,71,10.73,10.72,N[C@H](C(O)=O)CCCCN,H2O,O=C([C@@H](NC(CN)=O)CCCC[NH3+])NCC(O)=O,0.344006605,566,10.73
3ICB,LYS,A,72,11.33,11.03,N[C@H](C(O)=O)CCCCN,H2O,O=C([C@@H](NC(CN)=O)CCCC[NH3+])NCC(O)=O,0.344006605,575,11.33
3RN3,GLU,A,2,2.8,3.14,N[C@H](C(O)=O)CCC(O)=O,H2O,O=C(NCC(O)=O)[C@H](CCC(O)=O)NC(CN)=O,0.296267722,17,2.8
3RN3,GLU,A,9,4,4.26,N[C@H](C(O)=O)CCC(O)=O,H2O,O=C(NCC(O)=O)[C@H](CCC(O)=O)NC(CN)=O,0.296267722,68,4
3RN3,HIS,A,12,5.8,5.97,N[C@H](C(O)=O)CC1=CNC=N1,H2O,O=C([C@@H](NC(CN)=O)CC1=CNC=[NH+]1)NCC(O)=O,0.311248158,95,5.8
3RN3,ASP,A,38,3.5,3.46,OC(C[C@H](N)C(O)=O)=O,H2O,OC(C[C@@H](C(NCC(O)=O)=O)NC(CN)=O)=O,0.296269336,292,3.5
3RN3,GLU,A,49,4.7,4.55,N[C@H](C(O)=O)CCC(O)=O,H2O,O=C(NCC(O)=O)[C@H](CCC(O)=O)NC(CN)=O,0.296267722,384,4.7
3RN3,ASP,A,53,3.9,3.81,OC(C[C@H](N)C(O)=O)=O,H2O,OC(C[C@@H](C(NCC(O)=O)=O)NC(CN)=O)=O,0.296269336,411,3.9
3RN3,ASP,A,83,3.5,3.18,OC(C[C@H](N)C(O)=O)=O,H2O,OC(C[C@@H](C(NCC(O)=O)=O)NC(CN)=O)=O,0.296269336,635,3.5
3RN3,GLU,A,86,4.1,4.22,N[C@H](C(O)=O)CCC(O)=O,H2O,O=C(NCC(O)=O)[C@H](CCC(O)=O)NC(CN)=O,0.296267722,661,4.1
3RN3,HIS,A,105,6.6,6.32,N[C@H](C(O)=O)CC1=CNC=N1,H2O,O=C([C@@H](NC(CN)=O)CC1=CNC=[NH+]1)NCC(O)=O,0.311248158,804,6.6
3RN3,GLU,A,111,3.5,4.27,N[C@H](C(O)=O)CCC(O)=O,H2O,O=C(NCC(O)=O)[C@H](CCC(O)=O)NC(CN)=O,0.296267722,850,3.5
3RN3,HIS,A,119,6.1,6.74,N[C@H](C(O)=O)CC1=CNC=N1,H2O,O=C([C@@H](NC(CN)=O)CC1=CNC=[NH+]1)NCC(O)=O,0.311248158,909,6.1
3RN3,ASP,A,121,3.1,2.54,OC(C[C@H](N)C(O)=O)=O,H2O,OC(C[C@@H](C(NCC(O)=O)=O)NC(CN)=O)=O,0.296269336,931,3.1
4ICB,LYS,A,1,10.6,11.54,N[C@H](C(O)=O)CCCCN,H2O,O=C([C@@H](NC(CN)=O)CCCC[NH3+])NCC(O)=O,0.344006605,13,10.6
4ICB,GLU,A,4,3.8,4.43,N[C@H](C(O)=O)CCC(O)=O,H2O,O=C(NCC(O)=O)[C@H](CCC(O)=O)NC(CN)=O,0.296267722,35,3.8
4ICB,GLU,A,5,3.4,4.2,N[C@H](C(O)=O)CCC(O)=O,H2O,O=C(NCC(O)=O)[C@H](CCC(O)=O)NC(CN)=O,0.296267722,44,3.4
4ICB,LYS,A,7,11.39,11.48,N[C@H](C(O)=O)CCCCN,H2O,O=C([C@@H](NC(CN)=O)CCCC[NH3+])NCC(O)=O,0.344006605,61,11.39
4ICB,GLU,A,11,4.7,4.54,N[C@H](C(O)=O)CCC(O)=O,H2O,O=C(NCC(O)=O)[C@H](CCC(O)=O)NC(CN)=O,0.296267722,93,4.7
4ICB,LYS,A,12,11.06,11.21,N[C@H](C(O)=O)CCCCN,H2O,O=C([C@@H](NC(CN)=O)CCCC[NH3+])NCC(O)=O,0.344006605,102,11.06
4ICB,LYS,A,16,10.7,11.34,N[C@H](C(O)=O)CCCCN,H2O,O=C([C@@H](NC(CN)=O)CCCC[NH3+])NCC(O)=O,0.344006605,133,10.7
4ICB,GLU,A,17,3.62,4.69,N[C@H](C(O)=O)CCC(O)=O,H2O,O=C(NCC(O)=O)[C@H](CCC(O)=O)NC(CN)=O,0.296267722,142,3.62
4ICB,LYS,A,25,11.69,11.66,N[C@H](C(O)=O)CCCCN,H2O,O=C([C@@H](NC(CN)=O)CCCC[NH3+])NCC(O)=O,0.344006605,201,11.69
4ICB,GLU,A,26,4.1,4.45,N[C@H](C(O)=O)CCC(O)=O,H2O,O=C(NCC(O)=O)[C@H](CCC(O)=O)NC(CN)=O,0.296267722,210,4.1
4ICB,LYS,A,29,11.37,10.98,N[C@H](C(O)=O)CCCCN,H2O,O=C([C@@H](NC(CN)=O)CCCC[NH3+])NCC(O)=O,0.344006605,236,11.37
4ICB,LYS,A,41,10.93,11.1,N[C@H](C(O)=O)CCCCN,H2O,O=C([C@@H](NC(CN)=O)CCCC[NH3+])NCC(O)=O,0.344006605,334,10.93
4ICB,ASP,A,47,3,2.98,OC(C[C@H](N)C(O)=O)=O,H2O,OC(C[C@@H](C(NCC(O)=O)=O)NC(CN)=O)=O,0.296269336,374,3
4ICB,GLU,A,48,4.6,4.51,N[C@H](C(O)=O)CCC(O)=O,H2O,O=C(NCC(O)=O)[C@H](CCC(O)=O)NC(CN)=O,0.296267722,383,4.6
4ICB,LYS,A,55,12.12,11.45,N[C@H](C(O)=O)CCCCN,H2O,O=C([C@@H](NC(CN)=O)CCCC[NH3+])NCC(O)=O,0.344006605,445,12.12
4ICB,GLU,A,64,3.8,4.41,N[C@H](C(O)=O)CCC(O)=O,H2O,O=C(NCC(O)=O)[C@H](CCC(O)=O)NC(CN)=O,0.296267722,511,3.8
4ICB,LYS,A,71,10.73,10.87,N[C@H](C(O)=O)CCCCN,H2O,O=C([C@@H](NC(CN)=O)CCCC[NH3+])NCC(O)=O,0.344006605,571,10.73
4ICB,LYS,A,72,11.33,11.13,N[C@H](C(O)=O)CCCCN,H2O,O=C([C@@H](NC(CN)=O)CCCC[NH3+])NCC(O)=O,0.344006605,580,11.33
4LZT,LYS,A,1,10.8,10.67,N[C@H](C(O)=O)CCCCN,H2O,O=C([C@@H](NC(CN)=O)CCCC[NH3+])NCC(O)=O,0.344006605,8,10.8
4LZT,GLU,A,7,2.85,3.73,N[C@H](C(O)=O)CCC(O)=O,H2O,O=C(NCC(O)=O)[C@H](CCC(O)=O)NC(CN)=O,0.296267722,56,2.85
4LZT,LYS,A,13,10.5,10.5,N[C@H](C(O)=O)CCCCN,H2O,O=C([C@@H](NC(CN)=O)CCCC[NH3+])NCC(O)=O,0.344006605,96,10.5
4LZT,ASP,A,18,2.66,3.17,OC(C[C@H](N)C(O)=O)=O,H2O,OC(C[C@@H](C(NCC(O)=O)=O)NC(CN)=O)=O,0.296269336,137,2.66
4LZT,LYS,A,33,10.4,10.94,N[C@H](C(O)=O)CCCCN,H2O,O=C([C@@H](NC(CN)=O)CCCC[NH3+])NCC(O)=O,0.344006605,256,10.4
4LZT,GLU,A,35,6.2,4.3,N[C@H](C(O)=O)CCC(O)=O,H2O,O=C(NCC(O)=O)[C@H](CCC(O)=O)NC(CN)=O,0.296267722,276,6.2
4LZT,ASP,A,48,1.6,3.41,OC(C[C@H](N)C(O)=O)=O,H2O,OC(C[C@@H](C(NCC(O)=O)=O)NC(CN)=O)=O,0.296269336,379,1.6
4LZT,ASP,A,52,3.68,3.36,OC(C[C@H](N)C(O)=O)=O,H2O,OC(C[C@@H](C(NCC(O)=O)=O)NC(CN)=O)=O,0.296269336,404,3.68
4LZT,ASP,A,66,0.9,2.68,OC(C[C@H](N)C(O)=O)=O,H2O,OC(C[C@@H](C(NCC(O)=O)=O)NC(CN)=O)=O,0.296269336,528,0.9
4LZT,ASP,A,87,2.07,2.86,OC(C[C@H](N)C(O)=O)=O,H2O,OC(C[C@@H](C(NCC(O)=O)=O)NC(CN)=O)=O,0.296269336,676,2.07
4LZT,LYS,A,96,10.8,11.01,N[C@H](C(O)=O)CCCCN,H2O,O=C([C@@H](NC(CN)=O)CCCC[NH3+])NCC(O)=O,0.344006605,737,10.8
4LZT,LYS,A,97,10.3,10.99,N[C@H](C(O)=O)CCCCN,H2O,O=C([C@@H](NC(CN)=O)CCCC[NH3+])NCC(O)=O,0.344006605,746,10.3
4LZT,ASP,A,101,4.08,3.72,OC(C[C@H](N)C(O)=O)=O,H2O,OC(C[C@@H](C(NCC(O)=O)=O)NC(CN)=O)=O,0.296269336,775,4.08
4LZT,LYS,A,116,10.2,10.52,N[C@H](C(O)=O)CCCCN,H2O,O=C([C@@H](NC(CN)=O)CCCC[NH3+])NCC(O)=O,0.344006605,897,10.2
4LZT,ASP,A,119,3.2,3.26,OC(C[C@H](N)C(O)=O)=O,H2O,OC(C[C@@H](C(NCC(O)=O)=O)NC(CN)=O)=O,0.296269336,916,3.2
4PTI,ASP,A,3,3.55,3.8,OC(C[C@H](N)C(O)=O)=O,H2O,OC(C[C@@H](C(NCC(O)=O)=O)NC(CN)=O)=O,0.296269336,25,3.55
4PTI,GLU,A,7,3.85,3.93,N[C@H](C(O)=O)CCC(O)=O,H2O,O=C(NCC(O)=O)[C@H](CCC(O)=O)NC(CN)=O,0.296267722,59,3.85
4PTI,LYS,A,15,10.43,10.76,N[C@H](C(O)=O)CCCCN,H2O,O=C([C@@H](NC(CN)=O)CCCC[NH3+])NCC(O)=O,0.344006605,118,10.43
4PTI,LYS,A,26,10.44,10.7,N[C@H](C(O)=O)CCCCN,H2O,O=C([C@@H](NC(CN)=O)CCCC[NH3+])NCC(O)=O,0.344006605,218,10.44
4PTI,LYS,A,41,10.75,10.72,N[C@H](C(O)=O)CCCCN,H2O,O=C([C@@H](NC(CN)=O)CCCC[NH3+])NCC(O)=O,0.344006605,326,10.75
4PTI,LYS,A,46,10.35,10.52,N[C@H](C(O)=O)CCCCN,H2O,O=C([C@@H](NC(CN)=O)CCCC[NH3+])NCC(O)=O,0.344006605,373,10.35
4PTI,GLU,A,49,3.91,4.24,N[C@H](C(O)=O)CCC(O)=O,H2O,O=C(NCC(O)=O)[C@H](CCC(O)=O)NC(CN)=O,0.296267722,393,3.91
4PTI,ASP,A,50,3.2,3.27,OC(C[C@H](N)C(O)=O)=O,H2O,OC(C[C@@H](C(NCC(O)=O)=O)NC(CN)=O)=O,0.296269336,401,3.2
7RSA,GLU,A,2,2.8,2.84,N[C@H](C(O)=O)CCC(O)=O,H2O,O=C(NCC(O)=O)[C@H](CCC(O)=O)NC(CN)=O,0.296267722,17,2.8
7RSA,GLU,A,9,4,4.28,N[C@H](C(O)=O)CCC(O)=O,H2O,O=C(NCC(O)=O)[C@H](CCC(O)=O)NC(CN)=O,0.296267722,68,4
7RSA,HIS,A,12,5.8,5.91,N[C@H](C(O)=O)CC1=CNC=N1,H2O,O=C([C@@H](NC(CN)=O)CC1=CNC=[NH+]1)NCC(O)=O,0.311248158,95,5.8
7RSA,ASP,A,38,3.5,3.17,OC(C[C@H](N)C(O)=O)=O,H2O,OC(C[C@@H](C(NCC(O)=O)=O)NC(CN)=O)=O,0.296269336,292,3.5
7RSA,GLU,A,49,4.7,4.33,N[C@H](C(O)=O)CCC(O)=O,H2O,O=C(NCC(O)=O)[C@H](CCC(O)=O)NC(CN)=O,0.296267722,384,4.7
7RSA,ASP,A,53,3.9,3.83,OC(C[C@H](N)C(O)=O)=O,H2O,OC(C[C@@H](C(NCC(O)=O)=O)NC(CN)=O)=O,0.296269336,411,3.9
7RSA,ASP,A,83,3.5,3.22,OC(C[C@H](N)C(O)=O)=O,H2O,OC(C[C@@H](C(NCC(O)=O)=O)NC(CN)=O)=O,0.296269336,635,3.5
7RSA,GLU,A,86,4.1,4.31,N[C@H](C(O)=O)CCC(O)=O,H2O,O=C(NCC(O)=O)[C@H](CCC(O)=O)NC(CN)=O,0.296267722,661,4.1
7RSA,HIS,A,105,6.6,6.24,N[C@H](C(O)=O)CC1=CNC=N1,H2O,O=C([C@@H](NC(CN)=O)CC1=CNC=[NH+]1)NCC(O)=O,0.311248158,804,6.6
7RSA,GLU,A,111,3.5,4.26,N[C@H](C(O)=O)CCC(O)=O,H2O,O=C(NCC(O)=O)[C@H](CCC(O)=O)NC(CN)=O,0.296267722,850,3.5
7RSA,HIS,A,119,6.1,6.59,N[C@H](C(O)=O)CC1=CNC=N1,H2O,O=C([C@@H](NC(CN)=O)CC1=CNC=[NH+]1)NCC(O)=O,0.311248158,909,6.1
7RSA,ASP,A,121,3.1,2.74,OC(C[C@H](N)C(O)=O)=O,H2O,OC(C[C@@H](C(NCC(O)=O)=O)NC(CN)=O)=O,0.296269336,931,3.1
9RAT,GLU,A,2,2.8,3.04,N[C@H](C(O)=O)CCC(O)=O,H2O,O=C(NCC(O)=O)[C@H](CCC(O)=O)NC(CN)=O,0.296267722,17,2.8
9RAT,GLU,A,9,4,4.28,N[C@H](C(O)=O)CCC(O)=O,H2O,O=C(NCC(O)=O)[C@H](CCC(O)=O)NC(CN)=O,0.296267722,68,4
9RAT,HIS,A,12,5.8,5.74,N[C@H](C(O)=O)CC1=CNC=N1,H2O,O=C([C@@H](NC(CN)=O)CC1=CNC=[NH+]1)NCC(O)=O,0.311248158,95,5.8
9RAT,ASP,A,38,3.5,3.49,OC(C[C@H](N)C(O)=O)=O,H2O,OC(C[C@@H](C(NCC(O)=O)=O)NC(CN)=O)=O,0.296269336,292,3.5
9RAT,GLU,A,49,4.7,4.47,N[C@H](C(O)=O)CCC(O)=O,H2O,O=C(NCC(O)=O)[C@H](CCC(O)=O)NC(CN)=O,0.296267722,384,4.7
9RAT,ASP,A,53,3.9,3.76,OC(C[C@H](N)C(O)=O)=O,H2O,OC(C[C@@H](C(NCC(O)=O)=O)NC(CN)=O)=O,0.296269336,411,3.9
9RAT,ASP,A,83,3.5,2.98,OC(C[C@H](N)C(O)=O)=O,H2O,OC(C[C@@H](C(NCC(O)=O)=O)NC(CN)=O)=O,0.296269336,635,3.5
9RAT,GLU,A,86,4.1,4.25,N[C@H](C(O)=O)CCC(O)=O,H2O,O=C(NCC(O)=O)[C@H](CCC(O)=O)NC(CN)=O,0.296267722,661,4.1
9RAT,HIS,A,105,6.6,6.48,N[C@H](C(O)=O)CC1=CNC=N1,H2O,O=C([C@@H](NC(CN)=O)CC1=CNC=[NH+]1)NCC(O)=O,0.311248158,804,6.6
9RAT,GLU,A,111,3.5,4.21,N[C@H](C(O)=O)CCC(O)=O,H2O,O=C(NCC(O)=O)[C@H](CCC(O)=O)NC(CN)=O,0.296267722,850,3.5
9RAT,HIS,A,119,6.1,6.49,N[C@H](C(O)=O)CC1=CNC=N1,H2O,O=C([C@@H](NC(CN)=O)CC1=CNC=[NH+]1)NCC(O)=O,0.311248158,909,6.1
9RAT,ASP,A,121,3.1,2.78,OC(C[C@H](N)C(O)=O)=O,H2O,OC(C[C@@H](C(NCC(O)=O)=O)NC(CN)=O)=O,0.296269336,931,3.1
1QLP,CYS,A,232,6.86,5.47,SC[C@H](N)C(O)=O,H2O,SC[C@@H](C(NCC(O)=O)=O)NC(CN)=O,0.102304044,1695,6.86
1P5F,CYS,A,106,5.4,6.04,SC[C@H](N)C(O)=O,H2O,SC[C@@H](C(NCC(O)=O)=O)NC(CN)=O,0.102304044,760,5.4
1I0E,CYS,A,283,5.6,5.93,SC[C@H](N)C(O)=O,H2O,SC[C@@H](C(NCC(O)=O)=O)NC(CN)=O,0.102304044,2213,5.6
2L90,CYS,A,72,7.2,6.61,SC[C@H](N)C(O)=O,H2O,SC[C@@H](C(NCC(O)=O)=O)NC(CN)=O,0.102304044,368,7.2
1EH6,CYS,A,145,5.3,5.14,SC[C@H](N)C(O)=O,H2O,SC[C@@H](C(NCC(O)=O)=O)NC(CN)=O,0.102304044,1007,5.3
1PPN,CYS,A,25,3.32,5.54,SC[C@H](N)C(O)=O,H2O,SC[C@@H](C(NCC(O)=O)=O)NC(CN)=O,0.102304044,188,3.32
2HNP,CYS,A,215,5.57,3.27,SC[C@H](N)C(O)=O,H2O,SC[C@@H](C(NCC(O)=O)=O)NC(CN)=O,0.102304044,1748,5.57
1PPO,CYS,A,25,2.88,4.52,SC[C@H](N)C(O)=O,H2O,SC[C@@H](C(NCC(O)=O)=O)NC(CN)=O,0.102304044,188,2.88
1YPT,CYS,A,403,4.67,3.76,SC[C@H](N)C(O)=O,H2O,SC[C@@H](C(NCC(O)=O)=O)NC(CN)=O,0.102304044,1641,4.67
1RGG,TYR,A,30,11.3,10.43,N[C@H](C(O)=O)CC1=CC=C(O)C=C1,H2O,O=C(NCC(O)=O)[C@H](CC1=CC=C(C=C1)O)NC(CN)=O,0.29309207,213,11.3
1RGG,TYR,A,49,10.6,10.63,N[C@H](C(O)=O)CC1=CC=C(O)C=C1,H2O,O=C(NCC(O)=O)[C@H](CC1=CC=C(C=C1)O)NC(CN)=O,0.29309207,364,10.6
1PGB,TYR,A,33,11,10.76,N[C@H](C(O)=O)CC1=CC=C(O)C=C1,H2O,O=C(NCC(O)=O)[C@H](CC1=CC=C(C=C1)O)NC(CN)=O,0.29309207,255,11
